|cellulari samsung dual sim|
|samsung c5212 dual sim noble black|design candybar; multimedia con fotocamera; multimedia pda; connessioni edge; connessioni gprs; peso da 95 a 100 g; multimedia registrazione video; multimedia con lettore mp3; multimedia con radio; altre funzioni memoria espandibile; altre funzioni dual sim; marca samsung; connessioni bluetooth; |3|
|samsung b5722 dual-sim brown|peso da 100 a 120 g; design candybar; multimedia con fotocamera; multimedia pda; connessioni edge; connessioni gprs; multimedia registrazione video; multimedia con lettore mp3; tipo di tastiera touch-screen; multimedia con radio; altre funzioni memoria espandibile; altre funzioni dual sim; marca samsung; connessioni bluetooth; |3|
|samsung b5722 dual-sim pink|peso da 100 a 120 g; design candybar; multimedia con fotocamera; multimedia pda; connessioni edge; connessioni gprs; multimedia registrazione video; multimedia con lettore mp3; tipo di tastiera touch-screen; multimedia con radio; altre funzioni memoria espandibile; altre funzioni dual sim; marca samsung; connessioni bluetooth; |3|
|samsung c3222 black|peso da 90 a 95 g; design candybar; multimedia con fotocamera; connessioni edge; connessioni gprs; tipo di tastiera tastiera estesa; multimedia registrazione video; multimedia con lettore mp3; multimedia con radio; altre funzioni memoria espandibile; altre funzioni dual sim; marca samsung; connessioni bluetooth; |2.6666666667|
|samsung galaxy ace s5830 white|sistema operativo android; peso da 100 a 120 g; design candybar; multimedia con fotocamera; multimedia pda; connessioni edge; connessioni gprs; connessioni umts; connessioni hsdpa; connessioni wi-fi; multimedia con lettore mp3; tipo di tastiera touch-screen; multimedia con radio; altre funzioni memoria espandibile; marca samsung; connessioni bluetooth; multimedia con gps integrato; |1.3333333333|
|samsung galaxy 5 i5500 black|sistema operativo android; peso da 100 a 120 g; design candybar; multimedia con fotocamera; multimedia pda; connessioni edge; connessioni gprs; connessioni umts; connessioni hsdpa; connessioni wi-fi; multimedia con lettore mp3; tipo di tastiera touch-screen; multimedia con radio; altre funzioni memoria espandibile; marca samsung; connessioni bluetooth; multimedia con gps integrato; |1.3333333333|
|samsung wave ii gt-s8530 black/gray|design candybar; multimedia con fotocamera; multimedia pda; connessioni edge; connessioni gprs; connessioni umts; connessioni hsdpa; connessioni wi-fi; multimedia registrazione video; peso oltre 120 g; multimedia con lettore mp3; tipo di tastiera touch-screen; multimedia con radio; altre funzioni memoria espandibile; marca samsung; connessioni bluetooth; multimedia con gps integrato; |1.3333333333|
|samsung spirit s5560 noble black|design candybar; multimedia con fotocamera; multimedia pda; connessioni edge; connessioni gprs; connessioni wi-fi; peso da 95 a 100 g; multimedia con lettore mp3; tipo di tastiera touch-screen; multimedia con radio; altre funzioni memoria espandibile; marca samsung; connessioni bluetooth; |1.3333333333|
|samsung wave 723 s7230 red|design candybar; multimedia con fotocamera; multimedia pda; connessioni edge; connessioni gprs; connessioni umts; connessioni hsdpa; connessioni hsupa; connessioni wi-fi; peso da 95 a 100 g; multimedia con lettore mp3; tipo di tastiera touch-screen; multimedia con radio; altre funzioni memoria espandibile; marca samsung; connessioni bluetooth; multimedia con gps integrato; |1.3333333333|
|samsung wave s8500 ebony grey|peso da 100 a 120 g; design candybar; multimedia con fotocamera; multimedia pda; connessioni edge; connessioni gprs; connessioni umts; connessioni hsdpa; connessioni wi-fi; multimedia registrazione video; multimedia con lettore mp3; tipo di tastiera touch-screen; multimedia con radio; altre funzioni memoria espandibile; marca samsung; connessioni bluetooth; multimedia con gps integrato; |1.3333333333|
|samsung galaxy 3 i5800|multimedia con gps integrato; sistema operativo android; peso da 100 a 120 g; design candybar; multimedia con fotocamera; multimedia pda; connessioni edge; connessioni gprs; connessioni umts; connessioni hsdpa; connessioni wi-fi; multimedia registrazione video; multimedia con lettore mp3; tipo di tastiera touch-screen; multimedia con radio; altre funzioni memoria espandibile; marca samsung; connessioni bluetooth; |1.3333333333|
|samsung s5230 star gold|design candybar; multimedia con fotocamera; multimedia pda; connessioni edge; connessioni gprs; multimedia registrazione video; multimedia con lettore mp3; tipo di tastiera touch-screen; multimedia con radio; altre funzioni memoria espandibile; marca samsung; connessioni bluetooth; peso da 90 a 95 g; |1.3333333333|
|samsung s3370 corby 3g chrome/silver|design candybar; multimedia con fotocamera; multimedia pda; connessioni edge; connessioni gprs; connessioni umts; peso da 85 a 90 g; multimedia con lettore mp3; tipo di tastiera touch-screen; multimedia con radio; altre funzioni memoria espandibile; marca samsung; connessioni bluetooth; |1.3333333333|
|samsung c3050 black|multimedia con fotocamera; multimedia pda; connessioni edge; connessioni gprs; multimedia registrazione video; peso da 85 a 90 g; multimedia con lettore mp3; multimedia con radio; altre funzioni memoria espandibile; marca samsung; design scorrevole; connessioni bluetooth; |1.3333333333|
|samsung c3300 pink|design candybar; multimedia con fotocamera; multimedia pda; connessioni edge; connessioni gprs; peso da 85 a 90 g; multimedia con lettore mp3; tipo di tastiera touch-screen; multimedia con radio; altre funzioni memoria espandibile; marca samsung; connessioni bluetooth; |1.3333333333|
|samsung c3300 white|design candybar; multimedia con fotocamera; multimedia pda; connessioni edge; connessioni gprs; peso da 85 a 90 g; multimedia con lettore mp3; tipo di tastiera touch-screen; multimedia con radio; altre funzioni memoria espandibile; marca samsung; connessioni bluetooth; |1.3333333333|
|samsung e2370 black|peso da 100 a 120 g; design candybar; multimedia con fotocamera; connessioni edge; connessioni gprs; multimedia registrazione video; multimedia con lettore mp3; multimedia con radio; altre funzioni memoria espandibile; marca samsung; connessioni bluetooth; |1.3333333333|
|samsung b2100 black/grey|peso da 100 a 120 g; design candybar; multimedia con fotocamera; multimedia pda; connessioni edge; connessioni gprs; multimedia con lettore mp3; multimedia con radio; altre funzioni memoria espandibile; marca samsung; connessioni bluetooth; |1.3333333333|
|samsung b2100 scarlet red|peso da 100 a 120 g; design candybar; multimedia con fotocamera; multimedia pda; connessioni edge; connessioni gprs; multimedia con lettore mp3; multimedia con radio; altre funzioni memoria espandibile; marca samsung; connessioni bluetooth; |1.3333333333|
|samsung b3310 nox black qwertz|peso da 100 a 120 g; multimedia con fotocamera; multimedia pda; connessioni gprs; multimedia con lettore mp3; multimedia con radio; altre funzioni memoria espandibile; marca samsung; design scorrevole; connessioni bluetooth; |1.3333333333|
|reflex canon 10 megapixel|
|canon eos 1000d body|configurazione reflex solo corpo macchina; megapixels da 10 a 12 megapixels; altre funzioni esposizione manuale; altre funzioni con stabilizzatore d'immagine; design reflex; tipo di memoria sd; tipo di memoria sdhc; marca canon; peso oltre 300 g; |3|
|canon eos 1100d body|configurazione reflex solo corpo macchina; megapixels da 10 a 12 megapixels; altre funzioni esposizione manuale; design reflex; tipo di memoria sd; tipo di memoria sdhc; tipo di memoria sdxc; marca canon; peso oltre 300 g; |3|
|canon eos 1100d kit 18-55mm is ii|megapixels da 10 a 12 megapixels; configurazione reflex con obiettivo; altre funzioni esposizione manuale; zoom ottico da 2x a 4x; design reflex; tipo di memoria sd; tipo di memoria sdhc; tipo di memoria sdxc; marca canon; peso oltre 300 g; |2.8888888889|
|canon powershot sx1 is black|configurazione reflex con obiettivo; altre funzioni esposizione manuale; tipo di memoria multimediacard; altre funzioni con stabilizzatore d'immagine; design compatta; zoom ottico oltre 10x; megapixels da 8 a 10 megapixels; tipo di memoria sd; tipo di memoria sdhc; marca canon; peso oltre 300 g; |2.7777777778|
|fujifilm fuji finepix hs10|zoom ottico oltre 10x; tipo di memoria sd; tipo di memoria sdhc; peso oltre 300 g; design bridge / prosumer; marca fujifilm; megapixels da 10 a 12 megapixels; configurazione reflex con obiettivo; altre funzioni esposizione manuale; altre funzioni con stabilizzatore d'immagine; |1.1111111111|
|sony cyber-shot dsc-hx5v black|megapixels da 10 a 12 megapixels; configurazione reflex con obiettivo; altre funzioni esposizione manuale; altre funzioni con stabilizzatore d'immagine; peso da 150 a 200 g; design compatta; altre funzioni gps integrato; tipo di memoria sd; tipo di memoria sdhc; marca sony; zoom ottico da 8x a 10x; tipo di memoria memory stick pro / memory stick pro duo; tipo di memoria memory stick / memory stick duo; |1|
|sony alpha dslr a230y kit 18-55 + 55-200mm|megapixels da 10 a 12 megapixels; configurazione reflex con obiettivo; altre funzioni esposizione manuale; zoom ottico da 2x a 4x; design reflex; tipo di memoria sd; tipo di memoria sdhc; marca sony; tipo di memoria memory stick pro / memory stick pro duo; peso oltre 300 g; configurazione reflex con 2 obiettivi; |1.2222222222|
|nikon d90 body|configurazione reflex solo corpo macchina; altre funzioni esposizione manuale; altre funzioni con stabilizzatore d'immagine; megapixels oltre 12 megapixels; design reflex; tipo di memoria sd; tipo di memoria sdhc; marca nikon; peso oltre 300 g; |1.2222222222|
|pentax k-x black body|altre funzioni con stabilizzatore d'immagine; megapixels oltre 12 megapixels; marca pentax; design reflex; tipo di memoria sd; tipo di memoria sdhc; peso oltre 300 g; |1.1111111111|
|nikon d90 kit af-s vr 18-55 + vr 55-200 mm|megapixelsoltre 12 megapixels;altre funzionicon stabilizzatore d'immagine;marcanikon;altre funzioniesposizione manuale;designreflex;tipo di memoriasd;tipo di memoriasdhc;pesooltre 300 g;zoom otticoda 2x a 4x;configurazione reflexcon obiettivo|1.2222222222|
|nikon d90 kit af-s vr 18-105 mm|configurazione reflex con obiettivo; altre funzioni esposizione manuale; altre funzioni con stabilizzatore d'immagine; megapixels oltre 12 megapixels; design reflex; tipo di memoria sd; tipo di memoria sdhc; marca nikon; zoom ottico da 4x a 6x; peso oltre 300 g; |1.2222222222|
|pentax k-r black body|configurazione reflex solo corpo macchina; altre funzioni con stabilizzatore d'immagine; megapixels oltre 12 megapixels; marca pentax; design reflex; tipo di memoria sd; tipo di memoria sdhc; peso oltre 300 g; |1.1111111111|
|sony alpha nex-3 silver kit sel 16mm 2.8|peso da 200 a 250 g; configurazione reflex con obiettivo; altre funzioni esposizione manuale; megapixels oltre 12 megapixels; tipo di memoria sd; tipo di memoria sdhc; tipo di memoria sdxc; marca sony; tipo di memoria memory stick pro / memory stick pro duo; tipo di memoria memory stick / memory stick duo; |0.8888888889|
|pentax optio i-10 white|configurazione reflex con obiettivo; altre funzioni con stabilizzatore d'immagine; megapixels oltre 12 megapixels; marca pentax; design compatta; peso da 100 a 150 g; tipo di memoria sd; tipo di memoria sdhc; zoom ottico da 4x a 6x; |0.8888888889|
|canon eos 1000d kit 18-55mm dc|megapixels da 10 a 12 megapixels; configurazione reflex con obiettivo; altre funzioni esposizione manuale; altre funzioni con stabilizzatore d'immagine; zoom ottico da 2x a 4x; design reflex; tipo di memoria sd; tipo di memoria sdhc; marca canon; peso oltre 300 g; |2.5555555556|
|canon eos 1000d kit 18-55mm is|megapixels da 10 a 12 megapixels; configurazione reflex con obiettivo; altre funzioni esposizione manuale; altre funzioni con stabilizzatore d'immagine; zoom ottico da 2x a 4x; design reflex; tipo di memoria sd; tipo di memoria sdhc; marca canon; peso oltre 300 g; |2.5555555556|
|samsung es65 black|marca samsung; megapixels da 10 a 12 megapixels; configurazione reflex con obiettivo; tipo di memoria multimediacard; altre funzioni con stabilizzatore d'immagine; design compatta; peso da 100 a 150 g; tipo di memoria sd; tipo di memoria sdhc; zoom ottico da 4x a 6x; |1.1111111111|
|samsung es65 pink|marca samsung; megapixels da 10 a 12 megapixels; configurazione reflex con obiettivo; tipo di memoria multimediacard; altre funzioni con stabilizzatore d'immagine; design compatta; peso da 100 a 150 g; tipo di memoria sd; tipo di memoria sdhc; zoom ottico da 4x a 6x; |1|
|samsung es65 red|marca samsung; megapixels da 10 a 12 megapixels; configurazione reflex con obiettivo; tipo di memoria multimediacard; altre funzioni con stabilizzatore d'immagine; design compatta; peso da 100 a 150 g; tipo di memoria sd; tipo di memoria sdhc; zoom ottico da 4x a 6x; |1|
|samsung es65 silver|marca samsung; megapixels da 10 a 12 megapixels; configurazione reflex con obiettivo; tipo di memoria multimediacard; altre funzioni con stabilizzatore d'immagine; design compatta; peso da 100 a 150 g; tipo di memoria sd; tipo di memoria sdhc; zoom ottico da 4x a 6x; |1|
|nokia wifi|
|nokia e71 grey steel|connessioni infrarossi; sistema operativo symbian; multimedia con gps integrato; design candybar; multimedia con fotocamera; multimedia pda; connessioni edge; connessioni gprs; connessioni umts; connessioni hscsd; connessioni hsdpa; marca nokia; connessioni wi-fi; tipo di tastiera tastiera estesa; peso oltre 120 g; multimedia con radio; altre funzioni memoria espandibile; connessioni bluetooth; |3|
|nokia e75 black/silver tastiera qwerty|multimedia con gps integrato; multimedia con fotocamera; multimedia pda; connessioni edge; connessioni gprs; connessioni umts; connessioni hsdpa; marca nokia; connessioni wi-fi; tipo di tastiera tastiera estesa; multimedia registrazione video; peso oltre 120 g; multimedia con lettore mp3; multimedia con radio; altre funzioni memoria espandibile; design scorrevole; connessioni bluetooth; sistema operativo symbian; |3|
|nokia x3-02 pink|tipo di tastiera tastiera numerica; peso da 75 a 80 g; design candybar; multimedia con fotocamera; multimedia pda; connessioni edge; connessioni gprs; connessioni umts; connessioni hsdpa; connessioni hsupa; marca nokia; connessioni wi-fi; multimedia registrazione video; multimedia con lettore mp3; tipo di tastiera touch-screen; multimedia con radio; altre funzioni memoria espandibile; connessioni bluetooth; |3|
|nokia n8-00 black|design candybar; multimedia con fotocamera; multimedia pda; connessioni edge; connessioni gprs; connessioni umts; connessioni hsdpa; connessioni hsupa; marca nokia; connessioni wi-fi; multimedia registrazione video; peso oltre 120 g; multimedia con lettore mp3; tipo di tastiera touch-screen; multimedia con radio; altre funzioni memoria espandibile; connessioni bluetooth; sistema operativo symbian; multimedia con gps integrato; |3|
|nokia x6-00 16gb white menu inglese tedesco e francese|multimedia con gps integrato; design candybar; multimedia con fotocamera; multimedia pda; connessioni edge; connessioni gprs; connessioni umts; connessioni hscsd; connessioni hsdpa; marca nokia; connessioni wi-fi; peso oltre 120 g; multimedia con lettore mp3; multimedia con radio; connessioni bluetooth; sistema operativo symbian; |3|
|nokia c6-00 white tastiera qwertz|multimedia con fotocamera; multimedia pda; connessioni edge; connessioni gprs; connessioni umts; connessioni hscsd; connessioni hsdpa; marca nokia; connessioni wi-fi; tipo di tastiera tastiera estesa; multimedia registrazione video; peso oltre 120 g; multimedia con lettore mp3; tipo di tastiera touch-screen; multimedia con radio; altre funzioni memoria espandibile; design scorrevole; connessioni bluetooth; sistema operativo symbian; multimedia con gps integrato; |3|
|nokia c6-00 black tastiera qwertz|multimedia con fotocamera; multimedia pda; connessioni edge; connessioni gprs; connessioni umts; connessioni hscsd; connessioni hsdpa; marca nokia; connessioni wi-fi; tipo di tastiera tastiera estesa; multimedia registrazione video; peso oltre 120 g; multimedia con lettore mp3; tipo di tastiera touch-screen; multimedia con radio; altre funzioni memoria espandibile; design scorrevole; connessioni bluetooth; sistema operativo symbian; multimedia con gps integrato; |2.8888888889|
|nokia c3-01 touch and typ warm grey|design candybar; multimedia con fotocamera; multimedia pda; connessioni edge; connessioni gprs; connessioni umts; connessioni hsdpa; connessioni hsupa; marca nokia; connessioni wi-fi; peso da 95 a 100 g; multimedia con lettore mp3; tipo di tastiera touch-screen; multimedia con radio; altre funzioni memoria espandibile; connessioni bluetooth; |3|
|nokia x6-00 16gb black navi edition|multimedia con gps integrato; design candybar; multimedia con fotocamera; multimedia pda; connessioni edge; connessioni gprs; connessioni umts; connessioni hscsd; connessioni hsdpa; marca nokia; connessioni wi-fi; peso oltre 120 g; multimedia con lettore mp3; multimedia con radio; connessioni bluetooth; sistema operativo symbian; |2.8888888889|
|nokia x3-02 petrol blue|tipo di tastiera tastiera numerica; peso da 75 a 80 g; design candybar; multimedia con fotocamera; multimedia pda; connessioni edge; connessioni gprs; connessioni umts; connessioni hsdpa; connessioni hsupa; marca nokia; connessioni wi-fi; multimedia registrazione video; multimedia con lettore mp3; tipo di tastiera touch-screen; multimedia con radio; altre funzioni memoria espandibile; connessioni bluetooth; |2.8888888889|
|nokia x3-02 dark metal|tipo di tastiera tastiera numerica; peso da 75 a 80 g; design candybar; multimedia con fotocamera; multimedia pda; connessioni edge; connessioni gprs; connessioni umts; connessioni hsdpa; connessioni hsupa; marca nokia; connessioni wi-fi; multimedia registrazione video; multimedia con lettore mp3; tipo di tastiera touch-screen; multimedia con radio; altre funzioni memoria espandibile; connessioni bluetooth; |2.8888888889|
|nokia c3-01 touch and typ silver|design candybar; multimedia con fotocamera; multimedia pda; connessioni edge; connessioni gprs; connessioni umts; connessioni hsdpa; connessioni hsupa; marca nokia; connessioni wi-fi; peso da 95 a 100 g; multimedia con lettore mp3; tipo di tastiera touch-screen; multimedia con radio; altre funzioni memoria espandibile; connessioni bluetooth; |2.8888888889|
|nokia e52 navi black|multimedia con gps integrato; design candybar; multimedia con fotocamera; multimedia pda; connessioni edge; connessioni gprs; connessioni umts; connessioni hsdpa; connessioni hsupa; marca nokia; connessioni wi-fi; peso da 95 a 100 g; multimedia registrazione video; multimedia con lettore mp3; multimedia con radio; altre funzioni memoria espandibile; connessioni bluetooth; sistema operativo symbian; |3|
|nokia x6-00 16gb white navi edition|multimedia con gps integrato; design candybar; multimedia con fotocamera; multimedia pda; connessioni edge; connessioni gprs; connessioni umts; connessioni hscsd; connessioni hsdpa; marca nokia; connessioni wi-fi; peso oltre 120 g; multimedia con lettore mp3; multimedia con radio; connessioni bluetooth; sistema operativo symbian; |2.8888888889|
|nokia n8-00 green|design candybar; multimedia con fotocamera; multimedia pda; connessioni edge; connessioni gprs; connessioni umts; connessioni hsdpa; connessioni hsupa; marca nokia; connessioni wi-fi; multimedia registrazione video; peso oltre 120 g; multimedia con lettore mp3; tipo di tastiera touch-screen; multimedia con radio; altre funzioni memoria espandibile; connessioni bluetooth; sistema operativo symbian; multimedia con gps integrato; |2.8888888889|
|nokia 2700 classic black|design candybar; multimedia con fotocamera; multimedia pda; connessioni edge; connessioni gprs; marca nokia; peso da 80 a 85 g; multimedia registrazione video; multimedia con lettore mp3; multimedia con radio; altre funzioni memoria espandibile; connessioni bluetooth; |1.2222222222|
|nokia 2700 classic red|design candybar; multimedia con fotocamera; multimedia pda; connessioni edge; connessioni gprs; marca nokia; peso da 80 a 85 g; multimedia registrazione video; multimedia con lettore mp3; multimedia con radio; altre funzioni memoria espandibile; connessioni bluetooth; |1.2222222222|
|nokia 2710 black + kit navi|design candybar; multimedia con fotocamera; multimedia pda; connessioni edge; connessioni gprs; marca nokia; peso da 85 a 90 g; multimedia con lettore mp3; multimedia con radio; altre funzioni memoria espandibile; connessioni bluetooth; multimedia con gps integrato; |1.2222222222|
|nokia 2710 silver + kit navi|design candybar; multimedia con fotocamera; multimedia pda; connessioni edge; connessioni gprs; marca nokia; peso da 85 a 90 g; multimedia con lettore mp3; multimedia con radio; altre funzioni memoria espandibile; connessioni bluetooth; multimedia con gps integrato; |1.2222222222|
|nokia x2-00 black/red|design candybar; multimedia con fotocamera; multimedia pda; connessioni edge; connessioni gprs; marca nokia; peso da 80 a 85 g; multimedia registrazione video; multimedia con lettore mp3; multimedia con radio; altre funzioni memoria espandibile; connessioni bluetooth; |1.2222222222|
|robot aspirapolvere|
|robot irobot roomba 581|altre funzioni senza sacchetto; tipologia robot; |3|
|robot irobot roomba 531|tipologia robot; |3|
|robot irobot roomba 564 pet series|altre funzioni senza sacchetto; tipologia robot; |3|
|robot irobot roomba 534 pet series|aspirapolvere robotizzata|3|
|robot lavapavimenti irobot scooba 385|altre funzioni senza sacchetto; tipologia robot; tipologia lavapavimenti; |3|
|robot agait eclean ec-01 yellow|altre funzioni senza sacchetto; tipologia robot; |3|
|robot samsung navibot sr8845|altre funzioni con filtro hepa; tipologia robot; marca samsung; |3|
|robot samsung navibot sr8855|marca samsung; altre funzioni con filtro hepa; altre funzioni senza sacchetto; tipologia robot; |2.8888888889|
|kärcher robocleaner rc3000|altre funzioni senza sacchetto; tipologia robot; |3|
|robot agait eclean ec-01 red|altre funzioni senza sacchetto; tipologia robot; |3|
|robot kitchenaid 5ksm150psewh white|aspirapolvere robotizzata|2.7777777778|
|robot kitchenaid 5ksm150psega apple green|robot multiuso da cucina|1.1111111111|
|kenwood robot km336 chef classic|robot multiuso da cucina|1.2222222222|
|robot kitchenaid 5ksm150psemc silver metallic|robot multiuso da cucina|1.1111111111|
|robot irobot roomba 555|tipologia robot; |3|
|i-robot batteria scooba acc263|batteria per robot aspirapolvere della serie i-robot|1.2222222222|
|kenwood robot kmc560 gl|robot multiuso da cucina|0.7777777778|
|robot kitchenaid 5kfpm775eob black|robot multiuso da cucina|1|
|robot kitchenaid 5ksm150pserr red|robot multiuso da cucina|0.8888888889|
|bosch robot mum4701|marca bosch; tipo robot e macchine da cucina; |0.6666666667|
|fotocamera nokia|
|canon powershot sx30 is black|configurazione reflex con obiettivo; altre funzioni esposizione manuale; tipo di memoria multimediacard; altre funzioni con stabilizzatore d'immagine; megapixels oltre 12 megapixels; design compatta; zoom ottico oltre 10x; tipo di memoria sd; tipo di memoria sdhc; tipo di memoria sdxc; marca canon; peso oltre 300 g; |0.5555555556|
|nikon d3100 body|configurazione reflex solo corpo macchina; megapixels oltre 12 megapixels; design reflex; tipo di memoria sd; tipo di memoria sdhc; tipo di memoria sdxc; marca nikon; peso oltre 300 g; |0.5555555556|
|canon eos 5d mark ii body|altre funzioni esposizione manuale; megapixels oltre 12 megapixels; design reflex; marca canon; tipo di memoria compactflash; peso oltre 300 g; configurazione reflex solo corpo macchina; altre funzioni ultra resistente; |0.5555555556|
|sony alpha dslr a290l kit dt 18-55mm|configurazione reflex con obiettivo; altre funzioni esposizione manuale; megapixels oltre 12 megapixels; zoom ottico da 2x a 4x; design reflex; tipo di memoria sd; tipo di memoria sdhc; marca sony; tipo di memoria memory stick pro / memory stick pro duo; peso oltre 300 g; |0.5555555556|
|nikon coolpix p500|configurazione reflex con obiettivo; altre funzioni esposizione manuale; altre funzioni con stabilizzatore d'immagine; megapixels oltre 12 megapixels; design compatta; zoom ottico oltre 10x; tipo di memoria sd; tipo di memoria sdhc; tipo di memoria sdxc; marca nikon; peso oltre 300 g; |0.5555555556|
|nikon coolpix s9100 black|peso da 200 a 250 g; configurazione reflex con obiettivo; altre funzioni con stabilizzatore d'immagine; megapixels oltre 12 megapixels; design compatta; zoom ottico oltre 10x; tipo di memoria sd; tipo di memoria sdhc; tipo di memoria sdxc; marca nikon; |0.5555555556|
|fujifilm fuji finepix hs10|zoom ottico oltre 10x; tipo di memoria sd; tipo di memoria sdhc; peso oltre 300 g; design bridge / prosumer; marca fujifilm; megapixels da 10 a 12 megapixels; configurazione reflex con obiettivo; altre funzioni esposizione manuale; altre funzioni con stabilizzatore d'immagine; |0.5555555556|
|canon powershot sx220 hs gray|configurazione reflex con obiettivo; tipo di memoria multimediacard; altre funzioni con stabilizzatore d'immagine; megapixels oltre 12 megapixels; design compatta; peso da 100 a 150 g; tipo di memoria sd; tipo di memoria sdhc; tipo di memoria sdxc; marca canon; zoom ottico da 4x a 6x; |0.5555555556|
|panasonic lumix dmc-tz10 silver|configurazione reflex con obiettivo; altre funzioni esposizione manuale; marca panasonic; altre funzioni con stabilizzatore d'immagine; megapixels oltre 12 megapixels; peso da 150 a 200 g; design compatta; zoom ottico oltre 10x; altre funzioni gps integrato; tipo di memoria sd; tipo di memoria sdhc; tipo di memoria sdxc; |0.5555555556|
|canon powershot sx210 is black|peso da 200 a 250 g; configurazione reflex con obiettivo; altre funzioni esposizione manuale; tipo di memoria multimediacard; altre funzioni con stabilizzatore d'immagine; megapixels oltre 12 megapixels; design compatta; zoom ottico oltre 10x; tipo di memoria sd; tipo di memoria sdhc; tipo di memoria sdxc; marca canon; |0.5555555556|
|nokia 2710 black + kit navi|design candybar; multimedia con fotocamera; multimedia pda; connessioni edge; connessioni gprs; marca nokia; peso da 85 a 90 g; multimedia con lettore mp3; multimedia con radio; altre funzioni memoria espandibile; connessioni bluetooth; multimedia con gps integrato; |2.4444444444|
|nokia 6700 slide aluminium|peso da 100 a 120 g; multimedia con fotocamera; multimedia pda; connessioni edge; connessioni gprs; connessioni umts; connessioni hsdpa; connessioni hsupa; marca nokia; multimedia registrazione video; multimedia con lettore mp3; multimedia con radio; altre funzioni memoria espandibile; design scorrevole; connessioni bluetooth; sistema operativo symbian; |2.4444444444|
|nokia 6700 slide red|peso da 100 a 120 g; multimedia con fotocamera; multimedia pda; connessioni edge; connessioni gprs; connessioni umts; connessioni hsdpa; connessioni hsupa; marca nokia; multimedia registrazione video; multimedia con lettore mp3; multimedia con radio; altre funzioni memoria espandibile; design scorrevole; connessioni bluetooth; sistema operativo symbian; |2.3333333333|
|nokia 6700 slide purple|peso da 100 a 120 g; multimedia con fotocamera; multimedia pda; connessioni edge; connessioni gprs; connessioni umts; connessioni hsdpa; connessioni hsupa; marca nokia; multimedia registrazione video; multimedia con lettore mp3; multimedia con radio; altre funzioni memoria espandibile; design scorrevole; connessioni bluetooth; sistema operativo symbian; |2.3333333333|
|nokia 2710 silver + kit navi|design candybar; multimedia con fotocamera; multimedia pda; connessioni edge; connessioni gprs; marca nokia; peso da 85 a 90 g; multimedia con lettore mp3; multimedia con radio; altre funzioni memoria espandibile; connessioni bluetooth; multimedia con gps integrato; |2.3333333333|
|nokia 2700 classic black|design candybar; multimedia con fotocamera; multimedia pda; connessioni edge; connessioni gprs; marca nokia; peso da 80 a 85 g; multimedia registrazione video; multimedia con lettore mp3; multimedia con radio; altre funzioni memoria espandibile; connessioni bluetooth; |2.4444444444|
|nokia 2700 classic red|design candybar; multimedia con fotocamera; multimedia pda; connessioni edge; connessioni gprs; marca nokia; peso da 80 a 85 g; multimedia registrazione video; multimedia con lettore mp3; multimedia con radio; altre funzioni memoria espandibile; connessioni bluetooth; |2.3333333333|
|nokia x2-00 black/red|design candybar; multimedia con fotocamera; multimedia pda; connessioni edge; connessioni gprs; marca nokia; peso da 80 a 85 g; multimedia registrazione video; multimedia con lettore mp3; multimedia con radio; altre funzioni memoria espandibile; connessioni bluetooth; |2.4444444444|
|nokia x2-00 silver/blue|design candybar; multimedia con fotocamera; multimedia pda; connessioni edge; connessioni gprs; marca nokia; peso da 80 a 85 g; multimedia registrazione video; multimedia con lettore mp3; multimedia con radio; altre funzioni memoria espandibile; connessioni bluetooth; |2.3333333333|
|nokia x3-00 black/red|peso da 100 a 120 g; multimedia con fotocamera; multimedia pda; connessioni edge; connessioni gprs; marca nokia; multimedia con radio; altre funzioni memoria espandibile; design scorrevole; connessioni bluetooth; |2.3333333333|
|mp3 sandisk 8 gb|
|sandisk sansa clip+ w/fm 8 gb black|marca sandisk; capacità memoria da 4 a 8 gb; tipo con memoria flash; |3|
|sandisk sansa fuze+ w/fm 8 gb blue|marca sandisk; capacità memoria da 4 a 8 gb; tipo con memoria flash; altre funzioni con visualizzatore foto; |2.8888888889|
|sandisk sansa fuze+ w/fm 8 gb indigo|marca sandisk; capacità memoria da 4 a 8 gb; tipo con memoria flash; altre funzioni con visualizzatore foto; |2.8888888889|
|sandisk sansa fuze+ w/fm 8 gb black|marca sandisk; capacità memoria da 4 a 8 gb; tipo con memoria flash; altre funzioni con visualizzatore foto; |2.8888888889|
|sandisk sansa fuze+ w/fm 8 gb white|marca sandisk; capacità memoria da 4 a 8 gb; tipo con memoria flash; altre funzioni con visualizzatore foto; |2.8888888889|
|sandisk sansa clip+ w/fm 4 gb white|capacità memoria da 1 a 4 gb; marca sandisk; tipo con memoria flash; |2.4444444444|
|sandisk sansa fuze+ w/fm 4 gb black|capacità memoria da 1 a 4 gb; marca sandisk; tipo con memoria flash; altre funzioni con visualizzatore foto; |2.3333333333|
|apple ipod touch 8gb 4a generazione|capacità memoria da 4 a 8 gb; tipo con memoria flash; altre funzioni con visualizzatore foto; marca apple; |0.8888888889|
|apple ipod nano 8gb blue 6g|capacità memoria da 4 a 8 gb; tipo con memoria flash; altre funzioni con visualizzatore foto; marca apple; tipo con radio; |0.8888888889|
|apple ipod nano 8gb pink 6g|capacità memoria da 4 a 8 gb; tipo con memoria flash; altre funzioni con visualizzatore foto; marca apple; tipo con radio; |0.8888888889|
|sony nwz-s754w white 8gb|capacità memoria da 4 a 8 gb; tipo con memoria flash; altre funzioni con visualizzatore foto; marca sony; tipo con radio; |1|
|apple ipod nano 8gb orange 6g|capacità memoria da 4 a 8 gb; tipo con memoria flash; altre funzioni con visualizzatore foto; marca apple; tipo con radio; |0.8888888889|
|cowon/iaudio j3 4gb black|lettore mp3 da 8gb|1|
|apple ipod nano 8gb silver 6g|capacità memoria da 4 a 8 gb; tipo con memoria flash; altre funzioni con visualizzatore foto; marca apple; tipo con radio; |0.8888888889|
|sandisk sansa clip+ w/fm 2 gb black|capacità memoria da 1 a 4 gb; marca sandisk; tipo con memoria flash; |2.2222222222|
|sandisk sansa clip+ w/fm 4 gb black|capacità memoria da 1 a 4 gb; marca sandisk; tipo con memoria flash; |2.2222222222|
|sandisk sansa clip+ w/fm 4 gb blue|capacità memoria da 1 a 4 gb; marca sandisk; tipo con memoria flash; |2.2222222222|
|sandisk sansa clip+ w/fm 4 gb red|capacità memoria da 1 a 4 gb; marca sandisk; tipo con memoria flash; |2.2222222222|
|sandisk sansa fuze+ w/fm 4 gb blue|capacità memoria da 1 a 4 gb; marca sandisk; tipo con memoria flash; altre funzioni con visualizzatore foto; |2.3333333333|
|sandisk sansa fuze+ w/fm 4 gb red|capacità memoria da 1 a 4 gb; marca sandisk; tipo con memoria flash; altre funzioni con visualizzatore foto; |2|
|cellulare samsung android wi-fi|
|samsung galaxy ace s5830 white|sistema operativo android; peso da 100 a 120 g; design candybar; multimedia con fotocamera; multimedia pda; connessioni edge; connessioni gprs; connessioni umts; connessioni hsdpa; connessioni wi-fi; multimedia con lettore mp3; tipo di tastiera touch-screen; multimedia con radio; altre funzioni memoria espandibile; marca samsung; connessioni bluetooth; multimedia con gps integrato; |3|
|samsung galaxy 5 i5500 black|sistema operativo android; peso da 100 a 120 g; design candybar; multimedia con fotocamera; multimedia pda; connessioni edge; connessioni gprs; connessioni umts; connessioni hsdpa; connessioni wi-fi; multimedia con lettore mp3; tipo di tastiera touch-screen; multimedia con radio; altre funzioni memoria espandibile; marca samsung; connessioni bluetooth; multimedia con gps integrato; |3|
|samsung galaxy 3 i5800|multimedia con gps integrato; sistema operativo android; peso da 100 a 120 g; design candybar; multimedia con fotocamera; multimedia pda; connessioni edge; connessioni gprs; connessioni umts; connessioni hsdpa; connessioni wi-fi; multimedia registrazione video; multimedia con lettore mp3; tipo di tastiera touch-screen; multimedia con radio; altre funzioni memoria espandibile; marca samsung; connessioni bluetooth; |3|
|samsung galaxy s i9000 8gb ceramic white|multimedia con gps integrato; sistema operativo android; peso da 100 a 120 g; design candybar; multimedia con fotocamera; multimedia pda; connessioni edge; connessioni gprs; connessioni umts; connessioni hsdpa; connessioni hsupa; connessioni wi-fi; multimedia registrazione video; multimedia con lettore mp3; tipo di tastiera touch-screen; multimedia con radio; altre funzioni memoria espandibile; marca samsung; connessioni bluetooth; |3|
|samsung galaxy s i9000 8gb metallic black|multimedia con gps integrato; sistema operativo android; peso da 100 a 120 g; design candybar; multimedia con fotocamera; multimedia pda; connessioni edge; connessioni gprs; connessioni umts; connessioni hsdpa; connessioni hsupa; connessioni wi-fi; multimedia registrazione video; multimedia con lettore mp3; tipo di tastiera touch-screen; multimedia con radio; altre funzioni memoria espandibile; marca samsung; connessioni bluetooth; |3|
|samsung galaxy 5 i5500 white|sistema operativo android; peso da 100 a 120 g; design candybar; multimedia con fotocamera; multimedia pda; connessioni edge; connessioni gprs; connessioni umts; connessioni hsdpa; connessioni wi-fi; multimedia con lettore mp3; tipo di tastiera touch-screen; multimedia con radio; altre funzioni memoria espandibile; marca samsung; connessioni bluetooth; multimedia con gps integrato; |3|
|samsung wave s8500 ebony grey|peso da 100 a 120 g; design candybar; multimedia con fotocamera; multimedia pda; connessioni edge; connessioni gprs; connessioni umts; connessioni hsdpa; connessioni wi-fi; multimedia registrazione video; multimedia con lettore mp3; tipo di tastiera touch-screen; multimedia con radio; altre funzioni memoria espandibile; marca samsung; connessioni bluetooth; multimedia con gps integrato; |1.7777777778|
|samsung s5620 black|design candybar; multimedia con fotocamera; multimedia pda; connessioni edge; connessioni gprs; connessioni umts; connessioni hsdpa; connessioni wi-fi; multimedia registrazione video; multimedia con lettore mp3; tipo di tastiera touch-screen; multimedia con radio; altre funzioni memoria espandibile; marca samsung; connessioni bluetooth; multimedia con gps integrato; peso da 90 a 95 g; |1.7777777778|
|samsung wave s5250 metallic black|design candybar; multimedia con fotocamera; multimedia pda; connessioni edge; connessioni gprs; connessioni wi-fi; peso da 95 a 100 g; multimedia con lettore mp3; tipo di tastiera touch-screen; multimedia con radio; altre funzioni memoria espandibile; marca samsung; connessioni bluetooth; multimedia con gps integrato; |1.7777777778|
|samsung s5620 white|design candybar; multimedia con fotocamera; multimedia pda; connessioni edge; connessioni gprs; connessioni umts; connessioni hsdpa; connessioni wi-fi; multimedia registrazione video; multimedia con lettore mp3; tipo di tastiera touch-screen; multimedia con radio; altre funzioni memoria espandibile; marca samsung; connessioni bluetooth; multimedia con gps integrato; peso da 90 a 95 g; |1.6666666667|
|sony ericsson xperia x10 mini white/red|multimedia con lettore mp3; tipo di tastiera touch-screen; multimedia con radio; altre funzioni memoria espandibile; connessioni bluetooth; multimedia con gps integrato; marca sony ericsson; sistema operativo android; design candybar; multimedia con fotocamera; multimedia pda; connessioni edge; connessioni gprs; connessioni umts; connessioni hsdpa; connessioni hsupa; connessioni wi-fi; peso da 85 a 90 g; |1|
|sony ericsson xperia x10 black|multimedia con lettore mp3; tipo di tastiera touch-screen; connessioni bluetooth; multimedia con gps integrato; marca sony ericsson; sistema operativo android; design candybar; multimedia con fotocamera; multimedia pda; connessioni edge; connessioni gprs; connessioni umts; connessioni hsdpa; connessioni hsupa; connessioni wi-fi; peso oltre 120 g; altre funzioni memoria espandibile; |1|
|sony ericsson xperia x10 mini white/pink|multimedia con lettore mp3; tipo di tastiera touch-screen; multimedia con radio; altre funzioni memoria espandibile; connessioni bluetooth; multimedia con gps integrato; marca sony ericsson; sistema operativo android; design candybar; multimedia con fotocamera; multimedia pda; connessioni edge; connessioni gprs; connessioni umts; connessioni hsdpa; connessioni hsupa; connessioni wi-fi; peso da 85 a 90 g; |1.1111111111|
|sony ericsson xperia x10 mini black/red|multimedia con lettore mp3; tipo di tastiera touch-screen; multimedia con radio; altre funzioni memoria espandibile; connessioni bluetooth; multimedia con gps integrato; marca sony ericsson; sistema operativo android; design candybar; multimedia con fotocamera; multimedia pda; connessioni edge; connessioni gprs; connessioni umts; connessioni hsdpa; connessioni hsupa; connessioni wi-fi; peso da 85 a 90 g; |1.1111111111|
|sony ericsson xperia x10 mini black/lime|multimedia con lettore mp3; tipo di tastiera touch-screen; multimedia con radio; altre funzioni memoria espandibile; connessioni bluetooth; multimedia con gps integrato; marca sony ericsson; sistema operativo android; design candybar; multimedia con fotocamera; multimedia pda; connessioni edge; connessioni gprs; connessioni umts; connessioni hsdpa; connessioni hsupa; connessioni wi-fi; peso da 85 a 90 g; |1.1111111111|
|samsung c3050 black|multimedia con fotocamera; multimedia pda; connessioni edge; connessioni gprs; multimedia registrazione video; peso da 85 a 90 g; multimedia con lettore mp3; multimedia con radio; altre funzioni memoria espandibile; marca samsung; design scorrevole; connessioni bluetooth; |0.5555555556|
|samsung c3300 pink|design candybar; multimedia con fotocamera; multimedia pda; connessioni edge; connessioni gprs; peso da 85 a 90 g; multimedia con lettore mp3; tipo di tastiera touch-screen; multimedia con radio; altre funzioni memoria espandibile; marca samsung; connessioni bluetooth; |0.6666666667|
|samsung c3300 white|design candybar; multimedia con fotocamera; multimedia pda; connessioni edge; connessioni gprs; peso da 85 a 90 g; multimedia con lettore mp3; tipo di tastiera touch-screen; multimedia con radio; altre funzioni memoria espandibile; marca samsung; connessioni bluetooth; |0.6666666667|
|samsung e2370 black|peso da 100 a 120 g; design candybar; multimedia con fotocamera; connessioni edge; connessioni gprs; multimedia registrazione video; multimedia con lettore mp3; multimedia con radio; altre funzioni memoria espandibile; marca samsung; connessioni bluetooth; |0.6666666667|
|samsung b2100 black/grey|peso da 100 a 120 g; design candybar; multimedia con fotocamera; multimedia pda; connessioni edge; connessioni gprs; multimedia con lettore mp3; multimedia con radio; altre funzioni memoria espandibile; marca samsung; connessioni bluetooth; |0.5555555556|
|obiettivo nikon grandangolare|
|tamron af 28-75mm f/2.8 sp xr di nikon|lunghezza focale massima fino a 28 mm; apertura da 2.0 a 2.8; lunghezza focale minima da 24 a 30 mm; marca nikon; tipo montaggio nikon f; tipo obiettivo a lunghezza focale fissa; tipo grandangolari; |2.6666666667|
|nikon af-s dx 35-56/18-200 ed vr ii|lunghezza focale minima da 17 a 24 mm; lunghezza focale massima fino a 28 mm; marca nikon; apertura da 2.8 a 3.5; tipo montaggio nikon f; tipo obiettivo a lunghezza focale fissa; tipo grandangolari; |2.8888888889|
|nikon af-s vr 24-120mm f/4.0 g ed|tipo montaggio nikon f; tipo obiettivo a lunghezza focale fissa; tipo grandangolari; lunghezza focale minima da 17 a 24 mm; lunghezza focale massima fino a 28 mm; apertura fino a 2.0; marca nikon; |2.8888888889|
|nikon af-s 24mm/1.4 g ed|tipo montaggio nikon f; tipo obiettivo a lunghezza focale fissa; tipo grandangolari; lunghezza focale minima da 17 a 24 mm; lunghezza focale massima fino a 28 mm; apertura fino a 2.0; marca nikon; |2.8888888889|
|nikon af 35mm f/2.0 d|apertura fino a 2.0; marca nikon; lunghezza focale massima da 28 a 55 mm; lunghezza focale minima da 30 a 70 mm; tipo montaggio nikon f; tipo obiettivo a lunghezza focale fissa; tipo grandangolari; |2.8888888889|
|nikon af-s 14mm f/2.8d ed black|lunghezza focale minima fino a 17 mm; lunghezza focale massima fino a 28 mm; apertura da 2.0 a 2.8; marca nikon; tipo montaggio nikon f; tipo obiettivo a lunghezza focale fissa; tipo grandangolari; |3|
|tokina af 16-28mm f/2.8 at-x pro fx nikon|lunghezza focale massima fino a 28 mm; apertura da 2.0 a 2.8; lunghezza focale minima da 24 a 30 mm; marca nikon; tipo montaggio nikon f; tipo obiettivo a lunghezza focale fissa; tipo grandangolari; |2.3333333333|
|nikon af 28mm f/2.8d|lunghezza focale massima fino a 28 mm; apertura da 2.0 a 2.8; lunghezza focale minima da 24 a 30 mm; marca nikon; tipo montaggio nikon f; tipo obiettivo a lunghezza focale fissa; tipo grandangolari; |2.8888888889|
|nikon af-s 14-24mm f/2.8 g ed|lunghezza focale minima fino a 17 mm; lunghezza focale massima fino a 28 mm; apertura da 2.0 a 2.8; marca nikon; tipo obiettivo a lunghezza focale variabile; tipo montaggio nikon f; tipo grandangolari; |3|
|nikon af-s dx 12-24mm f/4g ed-if|lunghezza focale minima fino a 17 mm; lunghezza focale massima fino a 28 mm; marca nikon; tipo obiettivo a lunghezza focale variabile; apertura da 3.5 a 4.0; tipo montaggio nikon f; tipo grandangolari; |3|
|nikon af-s 17-35mm f/2.8d ed-if|lunghezza focale minima fino a 17 mm; apertura da 2.0 a 2.8; marca nikon; tipo obiettivo a lunghezza focale variabile; lunghezza focale massima da 28 a 55 mm; tipo montaggio nikon f; tipo grandangolari; |3|
|nikon af 18-35mm/3.5-4.5 d if ed|lunghezza focale minima da 17 a 24 mm; marca nikon; tipo obiettivo a lunghezza focale variabile; lunghezza focale massima da 28 a 55 mm; apertura da 2.8 a 3.5; tipo montaggio nikon f; tipo grandangolari; |3|
|nikon af-s vr 16-35mm f/4.0 g ed|lunghezza focale minima fino a 17 mm; marca nikon; tipo obiettivo a lunghezza focale variabile; lunghezza focale massima da 28 a 55 mm; tipo standard; apertura da 3.5 a 4.0; tipo montaggio nikon f; |2|
|nikon af-s vr ii 200-400mm 4g if-ed|apertura da 3.5 a 4.0; tipo montaggio nikon f; lunghezza focale massima da 200 a 400 mm; tipo tele e supetele; lunghezza focale minima oltre 135 mm; marca nikon; tipo obiettivo a lunghezza focale variabile; |1.5555555556|
|obiettivo grandangolare canon wd-58 h|peso: 280g dimensioni (diametro max x lunghezza): 80x42mm tipo obiettivo: 3 elementi in 3 gruppi altre caratteristiche: fattore di conversione: 07x|0.7777777778|
|obiettivo grandangolare sony vcl-ha07 a|Ingrandimento 07x Obiettivo a 3 gruppi 3 elementi|0.7777777778|
|obiettivo grandangolare sony vcl-hg0730 a|Per Handycam con obiettivo da 30 mm di diametro Peso (appross.): 148 g |0.7777777778|
|lente di conversione grandangolare sanyo vcp-l07wex|Ingrandimento 07x|0.6666666667|
|nikon coolpix p500|configurazione reflex con obiettivo; altre funzioni esposizione manuale; altre funzioni con stabilizzatore d'immagine; megapixels oltre 12 megapixels; design compatta; zoom ottico oltre 10x; tipo di memoria sd; tipo di memoria sdhc; tipo di memoria sdxc; marca nikon; peso oltre 300 g; |0.3333333333|
|nikon af 85mm f/1.8 d|apertura fino a 2.0; marca nikon; lunghezza focale minima da 70 a 135 mm; lunghezza focale massima da 55 a 90 mm; tipo montaggio nikon f; tipo obiettivo a lunghezza focale fissa; tipo tele e supetele; |1|
|cellulare nokia gps|
|nokia e71 grey steel|connessioni infrarossi; sistema operativo symbian; multimedia con gps integrato; design candybar; multimedia con fotocamera; multimedia pda; connessioni edge; connessioni gprs; connessioni umts; connessioni hscsd; connessioni hsdpa; marca nokia; connessioni wi-fi; tipo di tastiera tastiera estesa; peso oltre 120 g; multimedia con radio; altre funzioni memoria espandibile; connessioni bluetooth; |3|
|nokia 2710 black + kit navi|design candybar; multimedia con fotocamera; multimedia pda; connessioni edge; connessioni gprs; marca nokia; peso da 85 a 90 g; multimedia con lettore mp3; multimedia con radio; altre funzioni memoria espandibile; connessioni bluetooth; multimedia con gps integrato; |3|
|nokia e75 black/silver tastiera qwerty|cellulare nokia con gps|3|
|nokia n8-00 black|design candybar; multimedia con fotocamera; multimedia pda; connessioni edge; connessioni gprs; connessioni umts; connessioni hsdpa; connessioni hsupa; marca nokia; connessioni wi-fi; multimedia registrazione video; peso oltre 120 g; multimedia con lettore mp3; tipo di tastiera touch-screen; multimedia con radio; altre funzioni memoria espandibile; connessioni bluetooth; sistema operativo symbian; multimedia con gps integrato; |3|
|nokia 3710 fold pink ultimo pezzo|design conchiglia; multimedia con gps integrato; peso da 90 a 95 g; multimedia con fotocamera; multimedia pda; connessioni edge; connessioni gprs; connessioni umts; marca nokia; multimedia registrazione video; multimedia con lettore mp3; multimedia con radio; altre funzioni memoria espandibile; connessioni bluetooth; |2.7777777778|
|nokia c6-00 white tastiera qwertz|multimedia con fotocamera; multimedia pda; connessioni edge; connessioni gprs; connessioni umts; connessioni hscsd; connessioni hsdpa; marca nokia; connessioni wi-fi; tipo di tastiera tastiera estesa; multimedia registrazione video; peso oltre 120 g; multimedia con lettore mp3; tipo di tastiera touch-screen; multimedia con radio; altre funzioni memoria espandibile; design scorrevole; connessioni bluetooth; sistema operativo symbian; multimedia con gps integrato; |3|
|nokia 5230 white/chrome + kit navi|peso da 100 a 120 g; design candybar; multimedia con fotocamera; multimedia pda; connessioni edge; connessioni gprs; connessioni umts; connessioni hscsd; connessioni hsdpa; marca nokia; multimedia registrazione video; multimedia con lettore mp3; tipo di tastiera touch-screen; multimedia con radio; altre funzioni memoria espandibile; connessioni bluetooth; sistema operativo symbian; multimedia con gps integrato; |3|
|nokia c5-00 black|multimedia con gps integrato; design candybar; multimedia con fotocamera; multimedia pda; connessioni edge; connessioni gprs; connessioni umts; connessioni hsdpa; connessioni hsupa; marca nokia; multimedia registrazione video; peso da 85 a 90 g; multimedia con lettore mp3; multimedia con radio; altre funzioni memoria espandibile; connessioni bluetooth; sistema operativo symbian; |3|
|nokia c5-00 pink|multimedia con gps integrato; design candybar; multimedia con fotocamera; multimedia pda; connessioni edge; connessioni gprs; connessioni umts; connessioni hsdpa; connessioni hsupa; marca nokia; multimedia registrazione video; peso da 85 a 90 g; multimedia con lettore mp3; multimedia con radio; altre funzioni memoria espandibile; connessioni bluetooth; sistema operativo symbian; |2.8888888889|
|nokia c6-00 black tastiera qwertz|multimedia con fotocamera; multimedia pda; connessioni edge; connessioni gprs; connessioni umts; connessioni hscsd; connessioni hsdpa; marca nokia; connessioni wi-fi; tipo di tastiera tastiera estesa; multimedia registrazione video; peso oltre 120 g; multimedia con lettore mp3; tipo di tastiera touch-screen; multimedia con radio; altre funzioni memoria espandibile; design scorrevole; connessioni bluetooth; sistema operativo symbian; multimedia con gps integrato; |2.8888888889|
|nokia 5230 all black + kit navi|peso da 100 a 120 g; design candybar; multimedia con fotocamera; multimedia pda; connessioni edge; connessioni gprs; connessioni umts; connessioni hscsd; connessioni hsdpa; marca nokia; multimedia registrazione video; multimedia con lettore mp3; tipo di tastiera touch-screen; multimedia con radio; altre funzioni memoria espandibile; connessioni bluetooth; sistema operativo symbian; multimedia con gps integrato; |2.8888888889|
|nokia 7230 pink|multimedia con gps integrato; multimedia con fotocamera; multimedia pda; connessioni edge; connessioni gprs; connessioni umts; marca nokia; peso da 95 a 100 g; multimedia con lettore mp3; multimedia con radio; altre funzioni memoria espandibile; design scorrevole; connessioni bluetooth; |3|
|nokia n97 mini black navi edition italia|multimedia con gps integrato; multimedia con fotocamera; multimedia pda; connessioni edge; connessioni gprs; connessioni umts; connessioni hscsd; connessioni hsdpa; marca nokia; connessioni wi-fi; tipo di tastiera tastiera estesa; multimedia registrazione video; peso oltre 120 g; multimedia con lettore mp3; tipo di tastiera touch-screen; altre funzioni memoria espandibile; design scorrevole; connessioni bluetooth; sistema operativo symbian; |3|
|nokia x3-02 dark metal|tipo di tastiera tastiera numerica; peso da 75 a 80 g; design candybar; multimedia con fotocamera; multimedia pda; connessioni edge; connessioni gprs; connessioni umts; connessioni hsdpa; connessioni hsupa; marca nokia; connessioni wi-fi; multimedia registrazione video; multimedia con lettore mp3; tipo di tastiera touch-screen; multimedia con radio; altre funzioni memoria espandibile; connessioni bluetooth; |1.6666666667|
|nokia x3-02 petrol blue|tipo di tastiera tastiera numerica; peso da 75 a 80 g; design candybar; multimedia con fotocamera; multimedia pda; connessioni edge; connessioni gprs; connessioni umts; connessioni hsdpa; connessioni hsupa; marca nokia; connessioni wi-fi; multimedia registrazione video; multimedia con lettore mp3; tipo di tastiera touch-screen; multimedia con radio; altre funzioni memoria espandibile; connessioni bluetooth; |1.6666666667|
|nokia x3-02 pink|tipo di tastiera tastiera numerica; peso da 75 a 80 g; design candybar; multimedia con fotocamera; multimedia pda; connessioni edge; connessioni gprs; connessioni umts; connessioni hsdpa; connessioni hsupa; marca nokia; connessioni wi-fi; multimedia registrazione video; multimedia con lettore mp3; tipo di tastiera touch-screen; multimedia con radio; altre funzioni memoria espandibile; connessioni bluetooth; |1.6666666667|
|nokia x3-02 white/silver|tipo di tastiera tastiera numerica; peso da 75 a 80 g; design candybar; multimedia con fotocamera; multimedia pda; connessioni edge; connessioni gprs; connessioni umts; connessioni hsdpa; connessioni hsupa; marca nokia; connessioni wi-fi; multimedia registrazione video; multimedia con lettore mp3; tipo di tastiera touch-screen; multimedia con radio; altre funzioni memoria espandibile; connessioni bluetooth; |1.6666666667|
|nokia 5230 black/chrome + kit navi|peso da 100 a 120 g; design candybar; multimedia con fotocamera; multimedia pda; connessioni edge; connessioni gprs; connessioni umts; connessioni hscsd; connessioni hsdpa; marca nokia; multimedia registrazione video; multimedia con lettore mp3; tipo di tastiera touch-screen; multimedia con radio; altre funzioni memoria espandibile; connessioni bluetooth; sistema operativo symbian; multimedia con gps integrato; |2.8888888889|
|nokia c7-00 frosty metal|design candybar; multimedia con fotocamera; multimedia pda; connessioni edge; connessioni gprs; connessioni umts; connessioni hsdpa; connessioni hsupa; marca nokia; connessioni wi-fi; multimedia registrazione video; peso oltre 120 g; multimedia con lettore mp3; tipo di tastiera touch-screen; multimedia con radio; altre funzioni memoria espandibile; connessioni bluetooth; sistema operativo symbian; multimedia con gps integrato; |3|
|nokia c7-00 mahagony brown|design candybar; multimedia con fotocamera; multimedia pda; connessioni edge; connessioni gprs; connessioni umts; connessioni hsdpa; connessioni hsupa; marca nokia; connessioni wi-fi; multimedia registrazione video; peso oltre 120 g; multimedia con lettore mp3; tipo di tastiera touch-screen; multimedia con radio; altre funzioni memoria espandibile; connessioni bluetooth; sistema operativo symbian; multimedia con gps integrato; |2.6666666667|
|cellulare wi-fi gps|
|samsung galaxy ace s5830 white|sistema operativo android; peso da 100 a 120 g; design candybar; multimedia con fotocamera; multimedia pda; connessioni edge; connessioni gprs; connessioni umts; connessioni hsdpa; connessioni wi-fi; multimedia con lettore mp3; tipo di tastiera touch-screen; multimedia con radio; altre funzioni memoria espandibile; marca samsung; connessioni bluetooth; multimedia con gps integrato; |3|
|nokia e71 grey steel|connessioni infrarossi; sistema operativo symbian; multimedia con gps integrato; design candybar; multimedia con fotocamera; multimedia pda; connessioni edge; connessioni gprs; connessioni umts; connessioni hscsd; connessioni hsdpa; marca nokia; connessioni wi-fi; tipo di tastiera tastiera estesa; peso oltre 120 g; multimedia con radio; altre funzioni memoria espandibile; connessioni bluetooth; |3|
|blackberry 9520 storm 2 no brand subito disponibile|multimedia con gps integrato; sistema operativo blackberry os; design candybar; multimedia con fotocamera; multimedia pda; marca rim; connessioni edge; connessioni gprs; connessioni umts; connessioni ev-do; connessioni hsdpa; connessioni hsupa; connessioni wi-fi; peso oltre 120 g; multimedia con lettore mp3; tipo di tastiera touch-screen; altre funzioni memoria espandibile; connessioni bluetooth; |3|
|nokia e75 black/silver tastiera qwerty|multimedia con gps integrato; multimedia con fotocamera; multimedia pda; connessioni edge; connessioni gprs; connessioni umts; connessioni hsdpa; marca nokia; connessioni wi-fi; tipo di tastiera tastiera estesa; multimedia registrazione video; peso oltre 120 g; multimedia con lettore mp3; multimedia con radio; altre funzioni memoria espandibile; design scorrevole; connessioni bluetooth; sistema operativo symbian; |3|
|samsung galaxy 5 i5500 black|sistema operativo android; peso da 100 a 120 g; design candybar; multimedia con fotocamera; multimedia pda; connessioni edge; connessioni gprs; connessioni umts; connessioni hsdpa; connessioni wi-fi; multimedia con lettore mp3; tipo di tastiera touch-screen; multimedia con radio; altre funzioni memoria espandibile; marca samsung; connessioni bluetooth; multimedia con gps integrato; |3|
|samsung wave ii gt-s8530 black/gray|design candybar; multimedia con fotocamera; multimedia pda; connessioni edge; connessioni gprs; connessioni umts; connessioni hsdpa; connessioni wi-fi; multimedia registrazione video; peso oltre 120 g; multimedia con lettore mp3; tipo di tastiera touch-screen; multimedia con radio; altre funzioni memoria espandibile; marca samsung; connessioni bluetooth; multimedia con gps integrato; |3|
|sony ericsson hazel j20i superior black|multimedia con lettore mp3; multimedia con radio; altre funzioni memoria espandibile; design scorrevole; connessioni bluetooth; altre funzioni ultra resistente; multimedia con gps integrato; marca sony ericsson; peso da 100 a 120 g; multimedia con fotocamera; multimedia pda; connessioni edge; connessioni gprs; connessioni umts; connessioni hsdpa; connessioni wi-fi; multimedia registrazione video; |2.6666666667|
|blackberry 9105 pearl 3g white|multimedia con gps integrato; peso da 90 a 95 g; sistema operativo blackberry os; design candybar; multimedia con fotocamera; multimedia pda; marca rim; connessioni edge; connessioni gprs; connessioni umts; connessioni hsdpa; connessioni wi-fi; multimedia con lettore mp3; altre funzioni memoria espandibile; connessioni bluetooth; |3|
|blackberry bold 9700 - tastiera qwerty|multimedia con gps integrato; sistema operativo blackberry os; design candybar; multimedia con fotocamera; multimedia pda; marca rim; connessioni umts; connessioni hsdpa; connessioni wi-fi; tipo di tastiera tastiera estesa; peso oltre 120 g; multimedia con lettore mp3; altre funzioni memoria espandibile; connessioni bluetooth; |3|
|samsung wave 723 s7230 red|design candybar; multimedia con fotocamera; multimedia pda; connessioni edge; connessioni gprs; connessioni umts; connessioni hsdpa; connessioni hsupa; connessioni wi-fi; peso da 95 a 100 g; multimedia con lettore mp3; tipo di tastiera touch-screen; multimedia con radio; altre funzioni memoria espandibile; marca samsung; connessioni bluetooth; multimedia con gps integrato; |3|
|samsung wave s8500 ebony grey|peso da 100 a 120 g; design candybar; multimedia con fotocamera; multimedia pda; connessioni edge; connessioni gprs; connessioni umts; connessioni hsdpa; connessioni wi-fi; multimedia registrazione video; multimedia con lettore mp3; tipo di tastiera touch-screen; multimedia con radio; altre funzioni memoria espandibile; marca samsung; connessioni bluetooth; multimedia con gps integrato; |3|
|nokia n8-00 black|design candybar; multimedia con fotocamera; multimedia pda; connessioni edge; connessioni gprs; connessioni umts; connessioni hsdpa; connessioni hsupa; marca nokia; connessioni wi-fi; multimedia registrazione video; peso oltre 120 g; multimedia con lettore mp3; tipo di tastiera touch-screen; multimedia con radio; altre funzioni memoria espandibile; connessioni bluetooth; sistema operativo symbian; multimedia con gps integrato; |3|
|samsung galaxy 3 i5800|multimedia con gps integrato; sistema operativo android; peso da 100 a 120 g; design candybar; multimedia con fotocamera; multimedia pda; connessioni edge; connessioni gprs; connessioni umts; connessioni hsdpa; connessioni wi-fi; multimedia registrazione video; multimedia con lettore mp3; tipo di tastiera touch-screen; multimedia con radio; altre funzioni memoria espandibile; marca samsung; connessioni bluetooth; |3|
|sony ericsson hazel j20i passionate red|multimedia con lettore mp3; multimedia con radio; altre funzioni memoria espandibile; design scorrevole; connessioni bluetooth; altre funzioni ultra resistente; multimedia con gps integrato; marca sony ericsson; peso da 100 a 120 g; multimedia con fotocamera; multimedia pda; connessioni edge; connessioni gprs; connessioni umts; connessioni hsdpa; connessioni wi-fi; multimedia registrazione video; |3|
|blackberry curve 3g 9300|multimedia con gps integrato; sistema operativo blackberry os; peso da 100 a 120 g; design candybar; multimedia con fotocamera; multimedia pda; marca rim; connessioni edge; connessioni gprs; connessioni umts; connessioni hsdpa; connessioni wi-fi; tipo di tastiera tastiera estesa; multimedia con lettore mp3; altre funzioni memoria espandibile; connessioni bluetooth; |3|
|htc desire hd|multimedia con gps integrato; sistema operativo android; design candybar; multimedia con fotocamera; multimedia pda; connessioni edge; connessioni gprs; connessioni umts; connessioni hsdpa; connessioni wi-fi; multimedia registrazione video; peso oltre 120 g; multimedia con lettore mp3; tipo di tastiera touch-screen; multimedia con radio; altre funzioni memoria espandibile; connessioni bluetooth; |3|
|htc hd7|multimedia con gps integrato; design candybar; multimedia con fotocamera; multimedia pda; connessioni edge; connessioni gprs; connessioni umts; connessioni hsdpa; connessioni hsupa; connessioni wi-fi; multimedia registrazione video; peso oltre 120 g; multimedia con lettore mp3; tipo di tastiera touch-screen; connessioni bluetooth; |3|
|htc legend silver|sistema operativo android; design candybar; multimedia con fotocamera; connessioni edge; connessioni gprs; connessioni umts; connessioni hsdpa; connessioni wi-fi; peso oltre 120 g; multimedia con lettore mp3; tipo di tastiera touch-screen; multimedia con radio; altre funzioni memoria espandibile; connessioni bluetooth; multimedia con gps integrato; |3|
|lg gd880 mini|peso da 100 a 120 g; design candybar; multimedia con fotocamera; marca lg; connessioni edge; connessioni gprs; connessioni hsdpa; connessioni wi-fi; multimedia con lettore mp3; tipo di tastiera touch-screen; multimedia con radio; altre funzioni memoria espandibile; connessioni bluetooth; multimedia con gps integrato; |3|
|motorola defy black|peso da 100 a 120 g; marca motorola; design candybar; multimedia con fotocamera; connessioni edge; connessioni gprs; connessioni hsdpa; multimedia con lettore mp3; tipo di tastiera touch-screen; multimedia con radio; altre funzioni memoria espandibile; multimedia con gps integrato; |1.8888888889|
|compatta canon|
|canon powershot sx30 is black|configurazione reflex con obiettivo; altre funzioni esposizione manuale; tipo di memoria multimediacard; altre funzioni con stabilizzatore d'immagine; megapixels oltre 12 megapixels; design compatta; zoom ottico oltre 10x; tipo di memoria sd; tipo di memoria sdhc; tipo di memoria sdxc; marca canon; peso oltre 300 g; |2.2222222222|
|canon powershot sx220 hs gray|configurazione reflex con obiettivo; tipo di memoria multimediacard; altre funzioni con stabilizzatore d'immagine; megapixels oltre 12 megapixels; design compatta; peso da 100 a 150 g; tipo di memoria sd; tipo di memoria sdhc; tipo di memoria sdxc; marca canon; zoom ottico da 4x a 6x; |2.2222222222|
|canon powershot sx210 is black|peso da 200 a 250 g; configurazione reflex con obiettivo; altre funzioni esposizione manuale; tipo di memoria multimediacard; altre funzioni con stabilizzatore d'immagine; megapixels oltre 12 megapixels; design compatta; zoom ottico oltre 10x; tipo di memoria sd; tipo di memoria sdhc; tipo di memoria sdxc; marca canon; |2.2222222222|
|canon powershot s95|configurazione reflex con obiettivo; altre funzioni esposizione manuale; tipo di memoria multimediacard; altre funzioni con stabilizzatore d'immagine; peso da 150 a 200 g; zoom ottico da 2x a 4x; design compatta; megapixels da 8 a 10 megapixels; tipo di memoria sd; tipo di memoria sdhc; tipo di memoria sdxc; marca canon; |2.3333333333|
|canon ixus 210 is black|configurazione reflex con obiettivo; tipo di memoria multimediacard; altre funzioni con stabilizzatore d'immagine; megapixels oltre 12 megapixels; peso da 150 a 200 g; design compatta; tipo di memoria sd; tipo di memoria sdhc; tipo di memoria sdxc; marca canon; zoom ottico da 4x a 6x; |2.6666666667|
|canon ixus 115 hs gray|configurazione reflex con obiettivo; tipo di memoria multimediacard; altre funzioni con stabilizzatore d'immagine; megapixels oltre 12 megapixels; zoom ottico da 2x a 4x; design compatta; peso da 100 a 150 g; tipo di memoria sd; tipo di memoria sdhc; tipo di memoria sdxc; marca canon; |2.6666666667|
|canon ixus 220 hs silver|configurazione reflex con obiettivo; tipo di memoria multimediacard; altre funzioni con stabilizzatore d'immagine; megapixels oltre 12 megapixels; design compatta; peso da 100 a 150 g; tipo di memoria sd; tipo di memoria sdhc; tipo di memoria sdxc; marca canon; zoom ottico da 4x a 6x; |2.6666666667|
|canon ixus 300 hs silver|configurazione reflex con obiettivo; tipo di memoria multimediacard; altre funzioni con stabilizzatore d'immagine; peso da 150 a 200 g; zoom ottico da 2x a 4x; design compatta; megapixels da 8 a 10 megapixels; tipo di memoria sd; tipo di memoria sdhc; tipo di memoria sdxc; marca canon; |2.6666666667|
|canon ixus 210 is silver|configurazione reflex con obiettivo; tipo di memoria multimediacard; altre funzioni con stabilizzatore d'immagine; megapixels oltre 12 megapixels; peso da 150 a 200 g; design compatta; tipo di memoria sd; tipo di memoria sdhc; tipo di memoria sdxc; marca canon; zoom ottico da 4x a 6x; |2.5555555556|
|canon powershot a1200 silver|configurazione reflex con obiettivo; tipo di memoria multimediacard; altre funzioni con stabilizzatore d'immagine; megapixels oltre 12 megapixels; peso da 150 a 200 g; zoom ottico da 2x a 4x; design compatta; tipo di memoria sd; tipo di memoria sdhc; tipo di memoria sdxc; marca canon; |2.3333333333|
|canon powershot a2200 black|configurazione reflex con obiettivo; tipo di memoria multimediacard; altre funzioni con stabilizzatore d'immagine; megapixels oltre 12 megapixels; zoom ottico da 2x a 4x; design compatta; peso da 100 a 150 g; tipo di memoria sd; tipo di memoria sdhc; tipo di memoria sdxc; marca canon; |2.3333333333|
|canon powershot sx120 is black|peso da 200 a 250 g; configurazione reflex con obiettivo; altre funzioni esposizione manuale; tipo di memoria multimediacard; altre funzioni con stabilizzatore d'immagine; design compatta; megapixels da 8 a 10 megapixels; tipo di memoria sd; tipo di memoria sdhc; zoom ottico da 8x a 10x; marca canon; |2.1111111111|
|canon powershot sx130 is silver|configurazione reflex con obiettivo; altre funzioni esposizione manuale; peso da 250 a 300; tipo di memoria multimediacard; altre funzioni con stabilizzatore d'immagine; megapixels oltre 12 megapixels; design compatta; zoom ottico oltre 10x; tipo di memoria sd; tipo di memoria sdhc; tipo di memoria sdxc; marca canon; |2.2222222222|
|canon ixus 220 hs black|configurazione reflex con obiettivo; tipo di memoria multimediacard; altre funzioni con stabilizzatore d'immagine; megapixels oltre 12 megapixels; design compatta; peso da 100 a 150 g; tipo di memoria sd; tipo di memoria sdhc; tipo di memoria sdxc; marca canon; zoom ottico da 4x a 6x; |2.5555555556|
|canon ixus 105 is aquamarine|configurazione reflex con obiettivo; tipo di memoria multimediacard; altre funzioni con stabilizzatore d'immagine; megapixels oltre 12 megapixels; zoom ottico da 2x a 4x; design compatta; peso da 100 a 150 g; tipo di memoria sd; tipo di memoria sdhc; tipo di memoria sdxc; marca canon; |2.6666666667|
|fujifilm fuji finepix s3200|design compatta; marca fujifilm; |0.8888888889|
|fujifilm fuji finepix jx300 black|design compatta; marca fujifilm; |0.8888888889|
|fujifilm fuji finepix jx300 pink|design compatta; marca fujifilm; |0.8888888889|
|fujifilm fuji finepix jx300 silver|design compatta; marca fujifilm; |0.8888888889|
|subacquea usa e getta agfa lebox ocean 400 27|tipo usa e getta; marca agfa; tipo subacquea|0.2222222222|
|mp3 apple|
|apple ipod classic 160gb nero new edition|tipo con hard disk; altre funzioni con visualizzatore foto; marca apple; capacità memoria oltre 40 gb; |3|
|apple ipod touch 8gb 4a generazione|capacità memoria da 4 a 8 gb; tipo con memoria flash; altre funzioni con visualizzatore foto; marca apple; |2.8888888889|
|apple ipod nano 8gb blue 6g|capacità memoria da 4 a 8 gb; tipo con memoria flash; altre funzioni con visualizzatore foto; marca apple; tipo con radio; |2.8888888889|
|apple ipod nano 8gb orange 6g|capacità memoria da 4 a 8 gb; tipo con memoria flash; altre funzioni con visualizzatore foto; marca apple; tipo con radio; |2.8888888889|
|apple ipod nano 8gb pink 6g|capacità memoria da 4 a 8 gb; tipo con memoria flash; altre funzioni con visualizzatore foto; marca apple; tipo con radio; |2.8888888889|
|apple ipod shuffle 2gb pink 5g|tipo con memoria flash; marca apple; capacità memoria da 1 a 4 gb; |3|
|apple ipod shuffle 2gb silver 5g|tipo con memoria flash; marca apple; capacità memoria da 1 a 4 gb; |2.8888888889|
|apple ipod nano 16gb pink 6g|capacità memoria da 8 a 20 gb; tipo con memoria flash; altre funzioni con visualizzatore foto; marca apple; tipo con radio; |3|
|apple ipod nano 8gb grafite 6g|capacità memoria da 4 a 8 gb; tipo con memoria flash; altre funzioni con visualizzatore foto; marca apple; tipo con radio; |2.8888888889|
|apple ipod nano 8gb green 6g|capacità memoria da 4 a 8 gb; tipo con memoria flash; altre funzioni con visualizzatore foto; marca apple; tipo con radio; |2.8888888889|
|apple ipod nano 8gb silver 6g|capacità memoria da 4 a 8 gb; tipo con memoria flash; altre funzioni con visualizzatore foto; marca apple; tipo con radio; |2.8888888889|
|apple ipod shuffle 2gb green 5g|tipo con memoria flash; marca apple; capacità memoria da 1 a 4 gb; |2.8888888889|
|apple ipod touch 64gb 3a generazione|tipo con memoria flash; altre funzioni con visualizzatore foto; marca apple; capacità memoria oltre 40 gb; |2.8888888889|
|apple ipod touch 64gb 4a generazione|tipo con memoria flash; altre funzioni con visualizzatore foto; marca apple; capacità memoria oltre 40 gb; |2.8888888889|
|apple ipod classic 160gb argento new edition|tipo con hard disk; altre funzioni con visualizzatore foto; marca apple; capacità memoria oltre 40 gb; |2.8888888889|
|apple ipod nano 16gb blue 6g|capacità memoria da 8 a 20 gb; tipo con memoria flash; altre funzioni con visualizzatore foto; marca apple; tipo con radio; |2.8888888889|
|apple ipod nano 16gb grafite 6g|capacità memoria da 8 a 20 gb; tipo con memoria flash; altre funzioni con visualizzatore foto; marca apple; tipo con radio; |2.8888888889|
|apple ipod nano 16gb green 6g|capacità memoria da 8 a 20 gb; tipo con memoria flash; altre funzioni con visualizzatore foto; marca apple; tipo con radio; |2.8888888889|
|apple ipod nano 16gb orange 6g|capacità memoria da 8 a 20 gb; tipo con memoria flash; altre funzioni con visualizzatore foto; marca apple; tipo con radio; |2.8888888889|
|apple ipod nano 16gb silver 6g|capacità memoria da 8 a 20 gb; tipo con memoria flash; altre funzioni con visualizzatore foto; marca apple; tipo con radio; |2.8888888889|
|videocamera con stabilizzatore samsung|
|flash memory samsung hmx-h200 full hd|altre funzioni touch-screen; marca samsung; peso da 200 a 400 g; altre funzioni stabilizzatore immagine; altre funzioni resistente all'acqua; megapixels da 3 a 5 megapixels; supporto di registrazione sd; risoluzione 576p; risoluzione 720p; supporto di registrazione sdhc; risoluzione 1080i; supporto di registrazione mmc / mmc plus; |2.5555555556|
|flash memory samsung hmx-s10 full hd|altre funzioni touch-screen; marca samsung; altre funzioni stabilizzatore immagine; altre funzioni resistente all'acqua; megapixels oltre 5 megapixels; supporto di registrazione sd; risoluzione 576p; risoluzione 720p; supporto di registrazione sdhc; risoluzione 1080i; risoluzione 1080p; |2.5555555556|
|flash memory samsung hmx-s15 full hd|supporto di registrazione sd; supporto di registrazione sdhc; megapixels da 1.5 a 3 megapixels; altre funzioni touch-screen; marca samsung; altre funzioni stabilizzatore immagine; |2.5555555556|
|flash memory samsung hmx-t10 black full hd|altre funzioni touch-screen; marca samsung; altre funzioni stabilizzatore immagine; peso fino a 200 g; altre funzioni resistente all'acqua; megapixels da 3 a 5 megapixels; supporto di registrazione sd; risoluzione 576p; risoluzione 720p; supporto di registrazione sdhc; risoluzione 1080i; |2.5555555556|
|flash memory samsung hmx-t10 red full hd|altre funzioni touch-screen; marca samsung; altre funzioni stabilizzatore immagine; peso fino a 200 g; altre funzioni resistente all'acqua; megapixels da 3 a 5 megapixels; supporto di registrazione sd; risoluzione 576p; risoluzione 720p; supporto di registrazione sdhc; risoluzione 1080i; |2.5555555556|
|flash memory samsung hmx-t10 white full hd|altre funzioni touch-screen; marca samsung; altre funzioni stabilizzatore immagine; peso fino a 200 g; altre funzioni resistente all'acqua; megapixels da 3 a 5 megapixels; supporto di registrazione sd; risoluzione 576p; risoluzione 720p; supporto di registrazione sdhc; risoluzione 1080i; |2.5555555556|
|flash memory panasonic hdc-tm900 eg-k full hd black|peso da 200 a 400 g; altre funzioni stabilizzatore immagine; marca panasonic; altre funzioni resistente all'acqua; megapixels da 3 a 5 megapixels; supporto di registrazione sd; supporto di registrazione sdhc; supporto di registrazione sdxc; risoluzione 1080i; risoluzione 1080p; altre funzioni touch-screen; |1.4444444444|
|flash memory sony hdr-cx130er full hd red|peso da 200 a 400 g; altre funzioni stabilizzatore immagine; altre funzioni resistente all'acqua; supporto di registrazione memory stick pro duo mark2 / pro-hg duo; megapixels da 3 a 5 megapixels; supporto di registrazione sd; supporto di registrazione sdhc; supporto di registrazione sdxc; marca sony; risoluzione 1080i; risoluzione 1080p; supporto di registrazione memory stick pro / memory stick pro duo; altre funzioni touch-screen; |1.4444444444|
|flash memory sony hdr-cx115er red|altre funzioni touch-screen; peso da 200 a 400 g; altre funzioni stabilizzatore immagine; altre funzioni resistente all'acqua; supporto di registrazione memory stick pro duo mark2 / pro-hg duo; megapixels da 3 a 5 megapixels; supporto di registrazione sd; supporto di registrazione sdhc; marca sony; |1.4444444444|
|flash memory sony hdr-cx130es full hd silver|peso da 200 a 400 g; altre funzioni stabilizzatore immagine; altre funzioni resistente all'acqua; supporto di registrazione memory stick pro duo mark2 / pro-hg duo; megapixels da 3 a 5 megapixels; supporto di registrazione sd; supporto di registrazione sdhc; supporto di registrazione sdxc; marca sony; risoluzione 1080i; risoluzione 1080p; supporto di registrazione memory stick pro / memory stick pro duo; altre funzioni touch-screen; |1.4444444444|
|flash memory sony hdr-ax2000e full hd|altre funzioni stabilizzatore immagine; altre funzioni resistente all'acqua; supporto di registrazione memory stick pro duo mark2 / pro-hg duo; supporto di registrazione sd; supporto di registrazione sdhc; marca sony; supporto di registrazione memory stick pro / memory stick pro duo; peso oltre 600 g; megapixels da 1 a 1.5 megapixels; altre funzioni touch-screen; |1.4444444444|
|flash memory sony hdr-cx115eb black|altre funzioni touch-screen; peso da 200 a 400 g; altre funzioni stabilizzatore immagine; altre funzioni resistente all'acqua; supporto di registrazione memory stick pro duo mark2 / pro-hg duo; megapixels da 3 a 5 megapixels; supporto di registrazione sd; supporto di registrazione sdhc; marca sony; |1.4444444444|
|minidv canon hv40|peso da 400 a 600 g; altre funzioni resistente all'acqua; supporto di registrazione minidv hdv; marca canon; megapixels da 1.5 a 3 megapixels; altre funzioni stabilizzatore immagine; |1.3333333333|
|flash memory sony hxr-mc50e full hd|altre funzioni stabilizzatore immagine; altre funzioni resistente all'acqua; supporto di registrazione memory stick pro duo mark2 / pro-hg duo; altre funzioni gps integrato; supporto di registrazione sd; supporto di registrazione sdhc; marca sony; supporto di registrazione memory stick pro / memory stick pro duo; supporto di registrazione memory stick / memory stick duo; |1.1111111111|
|flash memory sony dcr-sx50 silver|altre funzioni resistente all'acqua; marca sony; supporto di registrazione memory stick pro / memory stick pro duo; supporto di registrazione memory stick / memory stick duo; megapixels da 0.5 a 1 megapixels; altre funzioni touch-screen; peso da 200 a 400 g; altre funzioni stabilizzatore immagine; |1.1111111111|
|flash memory sony hdr-cx350vet|peso da 200 a 400 g; altre funzioni stabilizzatore immagine; altre funzioni resistente all'acqua; megapixels da 3 a 5 megapixels; altre funzioni gps integrato; marca sony; altre funzioni touch-screen; |1.1111111111|
|flash memory sony mhs-ts20k black|altre funzioni stabilizzatore immagine; peso fino a 200 g; altre funzioni resistente all'acqua; megapixels oltre 5 megapixels; marca sony; altre funzioni touch-screen; |1.1111111111|
|flash memory sony mhs-ts20k pink|altre funzioni stabilizzatore immagine; peso fino a 200 g; altre funzioni resistente all'acqua; megapixels oltre 5 megapixels; marca sony; altre funzioni touch-screen; |1.1111111111|
|flash memory sony mhs-ts20k silver|altre funzioni stabilizzatore immagine; peso fino a 200 g; altre funzioni resistente all'acqua; megapixels oltre 5 megapixels; marca sony; altre funzioni touch-screen; |1.1111111111|
|hard disk sony dcr-sr78e|peso da 200 a 400 g; altre funzioni stabilizzatore immagine; marca sony; megapixels da 0.5 a 1 megapixels; |1.1111111111|