|tablet apple|
|ipad apple 64gb wifi mb294fd/a|dimensione schermo da 9'' a 11''; marca apple; connessioni wi-fi; peso oltre 600 g; caratteristiche accelerometro; caratteristiche bussola digitale; connessioni bluetooth; sistema operativo apple ios; |3|
|ipad apple 32gb wifi mb293fd/a|dimensione schermo da 9'' a 11''; marca apple; connessioni wi-fi; peso oltre 600 g; caratteristiche accelerometro; caratteristiche bussola digitale; connessioni bluetooth; sistema operativo apple ios; |2.8888888889|
|ipad apple 64gb wifi+ 3g umts mc497fd/a|sistema operativo apple ios; dimensione schermo da 9'' a 11''; connessioni gsm; connessioni edge; connessioni umts; marca apple; connessioni hsdpa; connessioni wi-fi; peso oltre 600 g; caratteristiche accelerometro; caratteristiche bussola digitale; caratteristiche memoria espandibile; connessioni bluetooth; |3|
|ipad apple 16gb wifi+ 3g umts mc349fd/a|sistema operativo apple ios; dimensione schermo da 9'' a 11''; connessioni gsm; connessioni edge; connessioni umts; marca apple; connessioni hsdpa; connessioni wi-fi; peso oltre 600 g; caratteristiche accelerometro; caratteristiche bussola digitale; caratteristiche memoria espandibile; connessioni bluetooth; |2.8888888889|
|ipad apple 32gb wifi+ 3g umts mc496tya|sistema operativo apple ios; dimensione schermo da 9'' a 11''; connessioni gsm; connessioni edge; connessioni umts; marca apple; connessioni hsdpa; connessioni wi-fi; peso oltre 600 g; caratteristiche accelerometro; caratteristiche bussola digitale; caratteristiche memoria espandibile; connessioni bluetooth; |2.8888888889|
|viewsonic viewpad 7 pc|caratteristichecon fotocamera;caratteristichebussola digitale;sistema operativoandroid;marcaviewsonic;connessioniwi-fi;dimensione schermoda 5'' a 7'';connessionibluetooth;caratteristichememoria espandibile|1.1111111111|
|point of view mobii 7 4gb multimedia pc|tablet marca Point of View|1.1111111111|
|odys genesis x610000 4gb pc|tablet marca Odys|1.1111111111|
|viewsonic viewpad 10 wifi pc|sistema operativoandroid;marcaviewsonic;connessioniwi-fi;connessionibluetooth;dimensione schermoda 9'' a 11'';pesooltre 600 g;caratteristichememoria espandibile|1.2222222222|
|point of view mobii 7 16gb multimedia pc|tablet marca Point of View|1.1111111111|
|samsung galaxy tab gt-p1000 16gb white|dimensione schermo da 5'' a 7''; sistema operativo android; caratteristiche con fotocamera; connessioni gsm; connessioni cdma; connessioni edge; connessioni gprs; connessioni hsdpa; connessioni hsupa; connessioni wi-fi; peso da 300 a 400 g; caratteristiche memoria espandibile; marca samsung; connessioni bluetooth; |1.2222222222|
|apple ipod classic 160gb nero new edition|tipo con hard disk; altre funzioni con visualizzatore foto; marca apple; capacità memoria oltre 40 gb; |0.2222222222|
|apple ipod touch 8gb 4a generazione|capacità memoria da 4 a 8 gb; tipo con memoria flash; altre funzioni con visualizzatore foto; marca apple; |0.2222222222|
|apple ipod nano 8gb blue 6g|capacità memoria da 4 a 8 gb; tipo con memoria flash; altre funzioni con visualizzatore foto; marca apple; tipo con radio; |0.2222222222|
|apple ipod classic 160gb argento new edition |marca apple; |0.2222222222|
|apple ipod nano 16gb blue 6g |marca apple; |0.2222222222|
|apple time capsule 1tb mc343z/a|marca apple; |0.2222222222|
|apple time capsule 2tb mc344z/a|marca apple; |0.2222222222|
|apple ipod nano 16gb grafite 6g |marca apple; |0.2222222222|
|apple ipod nano 16gb green 6g |marca apple; |0.2222222222|
|lcd samsung|
|lcd samsung 37 le37c650 94cm dvb-t/c 100hz full hd|altre funzioni con digitale terrestre integrato; altre funzioni con teletext; formato di visualizzazione full hd; tecnologia lcd; connessioni usb; formato 16:9; connessioni hdmi; dimensione schermo da 32" a 37"; formato di visualizzazione hd ready; marca samsung; |3|
|samsung 32 ue32c6530 82cm 100hz full hd|formato16:9;connessionihdmi;dimensione schermoda 26" a 32";tecnologialcd;marcasamsung;formato di visualizzazionehd ready;altre funzionicon digitale terrestre integrato;formato di visualizzazionefull hd|2.8888888889|
|samsung 32 ue-32c6710 82cm dvb-s /dvb-t 100hz full hd|connessioniusb;connessionihdmi;tecnologialed;dimensione schermoda 26" a 32";marcasamsung;altre funzionicon teletext;altre funzionicon digitale terrestre integrato;formato di visualizzazionefull hd|2.7777777778|
|samsung 22 ue22c4000 56cm hd ready|connessioniusb;connessionihdmi;tecnologialed;dimensione schermoda 15" a 26";marcasamsung;altre funzionicon teletext;altre funzionicon digitale terrestre integrato|2.7777777778|
|lcd lg 32 32ld750 82cm 200hz full hd|altre funzioni con digitale terrestre integrato; formato di visualizzazione full hd; marca lg; tecnologia lcd; formato 16:9; connessioni hdmi; dimensione schermo da 26" a 32"; formato di visualizzazione hd ready; |1.4444444444|
|lcd dyon 22 victory 56cm dvb-s /dvb-t hd ready|altre funzioni con digitale terrestre integrato; tecnologia lcd; formato 16:9; connessioni hdmi; formato di visualizzazione hd ready; dimensione schermo da 15" a 26"; |1.1111111111|
|lcd dyon 22 verve 56cm dvb-t hd ready|tecnologia lcd; formato 16:9; connessioni hdmi; formato di visualizzazione hd ready; dimensione schermo da 15" a 26"; |1.1111111111|
|lcd grundig 22 vision2 22-2930t 56cm hdready usb/dvd|altre funzioni con digitale terrestre integrato; tecnologia lcd; connessioni usb; connessioni hdmi; marca grundig; dimensione schermo da 15" a 26"; |1.1111111111|
|lcd lg 32 32ld651 82cm 100hz full hd|marca lg; tecnologia lcd|1.1111111111|
|lcd grundig 32 32vle7150c 82cm 100hz full hd|marca grundig; tecnologia lcd|1.1111111111|
|lcd toshiba 32 32sl733g 82cm black full hd|altre funzioni con digitale terrestre integrato; marca toshiba; formato di visualizzazione full hd; tecnologia lcd; formato 16:9; connessioni hdmi; dimensione schermo da 26" a 32"; formato di visualizzazione hd ready; |1.1111111111|
|lcd grundig 22 22vlc2000t 56cm black hd ready|marca grundig; tecnologia lcd|1.1111111111|
|lcd sony 32 kdl-32ex505 82cm dvb-s /dvb-t 100hz full hd|altre funzioni con digitale terrestre integrato; altre funzioni con teletext; formato di visualizzazione full hd; tecnologia lcd; connessioni usb; formato 16:9; connessioni hdmi; marca sony; dimensione schermo da 26" a 32"; formato di visualizzazione hd ready; |1.1111111111|
|lcd xoro 22 htc-2226d 56cm lettore dvd integrato|marca xoro; tecnologia lcd|1.1111111111|
|lcd dyon 19 ventura 48cm dvb-s /dvb-t hd ready|marca dyon; tecnologia lcd|1.1111111111|
|led samsung bx2231 215|consumo in esercizio fino a 35 w; dimensione schermo da 19'' a 22'; tecnologia lcd; tecnologia led; connessioni vga; marca samsung; |2.5555555556|
|tft samsung b2440 wide 24\\|tecnologia lcd; marca samsung|2.4444444444|
|led samsung syncmaster px2370 23|consumo in esercizio fino a 35 w; formato 4:3; tecnologia lcd; tecnologia led; connessioni vga; formato 16:9; dimensione schermo da 22'' a 32''; marca samsung; |2.5555555556|
|led samsung syncmaster xl2370 wide 23|consumo in esercizio fino a 35 w; tecnologia lcd; tecnologia led; connessioni vga; dimensione schermo da 22'' a 32''; marca samsung; |2.5555555556|
|samsung pl100 black silver|tipo di memoria microsd; marca samsung; configurazione reflex con obiettivo; altre funzioni con stabilizzatore d'immagine; megapixels oltre 12 megapixels; zoom ottico da 2x a 4x; altre funzioni schermi lcd doppi; design compatta; peso da 100 a 150 g; tipo di memoria microsdhc; |0.6666666667|
|cellulare nokia x3|
|nokia x3-02 pink|tipo di tastiera tastiera numerica; peso da 75 a 80 g; design candybar; multimedia con fotocamera; multimedia pda; connessioni edge; connessioni gprs; connessioni umts; connessioni hsdpa; connessioni hsupa; marca nokia; connessioni wi-fi; multimedia registrazione video; multimedia con lettore mp3; tipo di tastiera touch-screen; multimedia con radio; altre funzioni memoria espandibile; connessioni bluetooth; |3|
|nokia x3-02 petrol blue|tipo di tastiera tastiera numerica; peso da 75 a 80 g; design candybar; multimedia con fotocamera; multimedia pda; connessioni edge; connessioni gprs; connessioni umts; connessioni hsdpa; connessioni hsupa; marca nokia; connessioni wi-fi; multimedia registrazione video; multimedia con lettore mp3; tipo di tastiera touch-screen; multimedia con radio; altre funzioni memoria espandibile; connessioni bluetooth; |2.8888888889|
|nokia x3-02 dark metal|tipo di tastiera tastiera numerica; peso da 75 a 80 g; design candybar; multimedia con fotocamera; multimedia pda; connessioni edge; connessioni gprs; connessioni umts; connessioni hsdpa; connessioni hsupa; marca nokia; connessioni wi-fi; multimedia registrazione video; multimedia con lettore mp3; tipo di tastiera touch-screen; multimedia con radio; altre funzioni memoria espandibile; connessioni bluetooth; |2.7777777778|
|nokia x3-00 blue/silver|peso da 100 a 120 g; multimedia con fotocamera; multimedia pda; connessioni edge; connessioni gprs; marca nokia; multimedia con radio; altre funzioni memoria espandibile; design scorrevole; connessioni bluetooth; |2.8888888889|
|nokia x3-02 white/silver|tipo di tastiera tastiera numerica; peso da 75 a 80 g; design candybar; multimedia con fotocamera; multimedia pda; connessioni edge; connessioni gprs; connessioni umts; connessioni hsdpa; connessioni hsupa; marca nokia; connessioni wi-fi; multimedia registrazione video; multimedia con lettore mp3; tipo di tastiera touch-screen; multimedia con radio; altre funzioni memoria espandibile; connessioni bluetooth; |2.7777777778|
|nokia x3-00 black/red|peso da 100 a 120 g; multimedia con fotocamera; multimedia pda; connessioni edge; connessioni gprs; marca nokia; multimedia con radio; altre funzioni memoria espandibile; design scorrevole; connessioni bluetooth; |2.8888888889|
|nokia e71 grey steel|connessioni infrarossi; sistema operativo symbian; multimedia con gps integrato; design candybar; multimedia con fotocamera; multimedia pda; connessioni edge; connessioni gprs; connessioni umts; connessioni hscsd; connessioni hsdpa; marca nokia; connessioni wi-fi; tipo di tastiera tastiera estesa; peso oltre 120 g; multimedia con radio; altre funzioni memoria espandibile; connessioni bluetooth; |0.8888888889|
|nokia 2710 black + kit navi|design candybar; multimedia con fotocamera; multimedia pda; connessioni edge; connessioni gprs; marca nokia; peso da 85 a 90 g; multimedia con lettore mp3; multimedia con radio; altre funzioni memoria espandibile; connessioni bluetooth; multimedia con gps integrato; |0.7777777778|
|nokia e75 black/silver tastiera qwerty|multimedia con gps integrato; multimedia con fotocamera; multimedia pda; connessioni edge; connessioni gprs; connessioni umts; connessioni hsdpa; marca nokia; connessioni wi-fi; tipo di tastiera tastiera estesa; multimedia registrazione video; peso oltre 120 g; multimedia con lettore mp3; multimedia con radio; altre funzioni memoria espandibile; design scorrevole; connessioni bluetooth; sistema operativo symbian; |0.7777777778|
|nokia 6700 slide aluminium|peso da 100 a 120 g; multimedia con fotocamera; multimedia pda; connessioni edge; connessioni gprs; connessioni umts; connessioni hsdpa; connessioni hsupa; marca nokia; multimedia registrazione video; multimedia con lettore mp3; multimedia con radio; altre funzioni memoria espandibile; design scorrevole; connessioni bluetooth; sistema operativo symbian; |0.7777777778|
|nokia n8-00 black|design candybar; multimedia con fotocamera; multimedia pda; connessioni edge; connessioni gprs; connessioni umts; connessioni hsdpa; connessioni hsupa; marca nokia; connessioni wi-fi; multimedia registrazione video; peso oltre 120 g; multimedia con lettore mp3; tipo di tastiera touch-screen; multimedia con radio; altre funzioni memoria espandibile; connessioni bluetooth; sistema operativo symbian; multimedia con gps integrato; |0.7777777778|
|nokia x2-00 silver/blue|design candybar; multimedia con fotocamera; multimedia pda; connessioni edge; connessioni gprs; marca nokia; peso da 80 a 85 g; multimedia registrazione video; multimedia con lettore mp3; multimedia con radio; altre funzioni memoria espandibile; connessioni bluetooth; |1.1111111111|
|nokia 6700 slide blue|peso da 100 a 120 g; multimedia con fotocamera; multimedia pda; connessioni edge; connessioni gprs; connessioni umts; connessioni hsdpa; connessioni hsupa; marca nokia; multimedia registrazione video; multimedia con lettore mp3; multimedia con radio; altre funzioni memoria espandibile; design scorrevole; connessioni bluetooth; sistema operativo symbian; |0.7777777778|
|nokia 3710 fold pink ultimo pezzo|design conchiglia; multimedia con gps integrato; peso da 90 a 95 g; multimedia con fotocamera; multimedia pda; connessioni edge; connessioni gprs; connessioni umts; marca nokia; multimedia registrazione video; multimedia con lettore mp3; multimedia con radio; altre funzioni memoria espandibile; connessioni bluetooth; |0.7777777778|
|nokia 2700 classic black|design candybar; multimedia con fotocamera; multimedia pda; connessioni edge; connessioni gprs; marca nokia; peso da 80 a 85 g; multimedia registrazione video; multimedia con lettore mp3; multimedia con radio; altre funzioni memoria espandibile; connessioni bluetooth; |0.7777777778|
|nokia 2700 classic red|design candybar; multimedia con fotocamera; multimedia pda; connessioni edge; connessioni gprs; marca nokia; peso da 80 a 85 g; multimedia registrazione video; multimedia con lettore mp3; multimedia con radio; altre funzioni memoria espandibile; connessioni bluetooth; |0.7777777778|
|nokia 2710 silver + kit navi|design candybar; multimedia con fotocamera; multimedia pda; connessioni edge; connessioni gprs; marca nokia; peso da 85 a 90 g; multimedia con lettore mp3; multimedia con radio; altre funzioni memoria espandibile; connessioni bluetooth; multimedia con gps integrato; |0.7777777778|
|nokia x2-00 black/red|design candybar; multimedia con fotocamera; multimedia pda; connessioni edge; connessioni gprs; marca nokia; peso da 80 a 85 g; multimedia registrazione video; multimedia con lettore mp3; multimedia con radio; altre funzioni memoria espandibile; connessioni bluetooth; |0.8888888889|
|adattatore accendisigari nokia dc-9|caricabatterie da automobile per cellulari nokia|0.2222222222|
|auricolare bluetooth nokia bh-212|auricolare bluetooth per cellulari nokia|0.2222222222|
|nintendo wii|
|nintendo wii red edition + super mario bros + donkey kong original edit. |console giochi nintendo wii;|3|
|nintendo wii sports pack black + wii resort + super mario galaxy 2 |console giochi nintendo wii;|3|
|nintendo wii sports pack white + wii resort + wii motion plus |console giochi nintendo wii;|2.8888888889|
|nintendo wii sports pack black + mario kart + wii weehl black |console giochi nintendo wii;|2.8888888889|
|nintendo wii sports pack black + wii resort-wii sports + wii motion plus |console giochi nintendo wii;|2.8888888889|
|nintendo wii fit plus (solo) |console giochi nintendo wii;|2.2222222222|
|nintendo wii sports resort + wii motion plus |console giochi nintendo wii;|2.3333333333|
|nintendo wii mario power tennis |console giochi nintendo wii;|2.2222222222|
|nintendo wii super smash bros. brawl |console giochi nintendo wii;|2.2222222222|
|nintendo wii mario kart + wii wheel |console giochi nintendo wii;|2.3333333333|
|nintendo wii mario party 8 |console giochi nintendo wii;|2.2222222222|
|nintendo wii play + remote controller |console giochi nintendo wii;|2.3333333333|
|telecomando nintendo wii remote plus controller black |telecomando nintendo wii|1.2222222222|
|telecomando nintendo wii remote plus controller white |telecomando nintendo wii|1.2222222222|
|nintendo adattatore lan nintendo wii |adattore per rete lan nintendo wii|1.2222222222|
|videogioco mario kart + wii wheel |videogioco nintendo wii|1.1111111111|
|videogioco sports resort + wii motion plus |videogioco nintendo wii|1.1111111111|
|controller nintendo wii classic |telecomando nintendo wii|1.2222222222|
|controller nintendo wii classic black |telecomando nintendo wii|1.2222222222|
|controller nintendo wii nunchuk |telecomando nintendo wii|1.2222222222|