|nikon coolpix|
|nikon coolpix p500|configurazione reflex con obiettivo; altre funzioni esposizione manuale; altre funzioni con stabilizzatore d'immagine; megapixels oltre 12 megapixels; design compatta; zoom ottico oltre 10x; tipo di memoria sd; tipo di memoria sdhc; tipo di memoria sdxc; marca nikon; peso oltre 300 g; |3|
|nikon coolpix s9100 black|peso da 200 a 250 g; configurazione reflex con obiettivo; altre funzioni con stabilizzatore d'immagine; megapixels oltre 12 megapixels; design compatta; zoom ottico oltre 10x; tipo di memoria sd; tipo di memoria sdhc; tipo di memoria sdxc; marca nikon; |3|
|nikon coolpix p300 black|configurazione reflex con obiettivo; altre funzioni esposizione manuale; altre funzioni con stabilizzatore d'immagine; megapixels oltre 12 megapixels; peso da 150 a 200 g; design compatta; tipo di memoria sd; tipo di memoria sdhc; tipo di memoria sdxc; marca nikon; zoom ottico da 4x a 6x; |3|
|nikon coolpix s3000 black|megapixels da 10 a 12 megapixels; configurazione reflex con obiettivo; altre funzioni con stabilizzatore d'immagine; zoom ottico da 2x a 4x; design compatta; peso da 100 a 150 g; tipo di memoria sd; tipo di memoria sdhc; marca nikon; |3|
|nikon coolpix l120 red|configurazione reflex con obiettivo; altre funzioni con stabilizzatore d'immagine; megapixels oltre 12 megapixels; design compatta; zoom ottico oltre 10x; tipo di memoria sd; tipo di memoria sdhc; tipo di memoria sdxc; marca nikon; peso oltre 300 g; |3|
|nikon coolpix s5100 black|configurazione reflex con obiettivo; altre funzioni con stabilizzatore d'immagine; megapixels oltre 12 megapixels; design compatta; peso da 100 a 150 g; tipo di memoria sd; tipo di memoria sdhc; marca nikon; zoom ottico da 4x a 6x; |3|
|nikon coolpix l120 black|configurazione reflex con obiettivo; altre funzioni con stabilizzatore d'immagine; megapixels oltre 12 megapixels; design compatta; zoom ottico oltre 10x; tipo di memoria sd; tipo di memoria sdhc; tipo di memoria sdxc; marca nikon; peso oltre 300 g; |2.8888888889|
|nikon coolpix s8000 bronze|configurazione reflex con obiettivo; altre funzioni con stabilizzatore d'immagine; megapixels oltre 12 megapixels; peso da 150 a 200 g; design compatta; tipo di memoria sd; tipo di memoria sdhc; zoom ottico da 8x a 10x; marca nikon; |3|
|nikon coolpix s9100 silver|peso da 200 a 250 g; configurazione reflex con obiettivo; altre funzioni con stabilizzatore d'immagine; megapixels oltre 12 megapixels; design compatta; zoom ottico oltre 10x; tipo di memoria sd; tipo di memoria sdhc; tipo di memoria sdxc; marca nikon; |2.8888888889|
|nikon coolpix l22 red|megapixels da 10 a 12 megapixels; configurazione reflex con obiettivo; altre funzioni con stabilizzatore d'immagine; peso da 150 a 200 g; zoom ottico da 2x a 4x; design compatta; tipo di memoria sd; tipo di memoria sdhc; marca nikon; |3|
|nikon coolpix s8100 black|peso da 200 a 250 g; configurazione reflex con obiettivo; altre funzioni con stabilizzatore d'immagine; megapixels oltre 12 megapixels; design compatta; tipo di memoria sd; tipo di memoria sdhc; tipo di memoria sdxc; zoom ottico da 8x a 10x; marca nikon; |3|
|nikon coolpix l110 black|configurazione reflex con obiettivo; altre funzioni con stabilizzatore d'immagine; megapixels oltre 12 megapixels; design compatta; zoom ottico oltre 10x; tipo di memoria sd; tipo di memoria sdhc; marca nikon; peso oltre 300 g; |3|
|nikon coolpix s3100 purple|configurazione reflex con obiettivo; altre funzioni con stabilizzatore d'immagine; megapixels oltre 12 megapixels; design compatta; peso da 100 a 150 g; tipo di memoria sd; tipo di memoria sdhc; tipo di memoria sdxc; marca nikon; zoom ottico da 4x a 6x; |3|
|nikon coolpix s640 silver|configurazione reflex con obiettivo; altre funzioni con stabilizzatore d'immagine; megapixels oltre 12 megapixels; design compatta; peso da 100 a 150 g; tipo di memoria sd; tipo di memoria sdhc; marca nikon; zoom ottico da 4x a 6x; |3|
|nikon coolpix s3100 blue|configurazione reflex con obiettivo; altre funzioni con stabilizzatore d'immagine; megapixels oltre 12 megapixels; design compatta; peso da 100 a 150 g; tipo di memoria sd; tipo di memoria sdhc; tipo di memoria sdxc; marca nikon; zoom ottico da 4x a 6x; |2.8888888889|
|nikon coolpix s1000pj black|configurazione reflex con obiettivo; altre funzioni con stabilizzatore d'immagine; megapixels oltre 12 megapixels; peso da 150 a 200 g; design compatta; tipo di memoria sd; tipo di memoria sdhc; marca nikon; zoom ottico da 4x a 6x; |3|
|nikon coolpix s1000pj silver|configurazione reflex con obiettivo; altre funzioni con stabilizzatore d'immagine; megapixels oltre 12 megapixels; peso da 150 a 200 g; design compatta; tipo di memoria sd; tipo di memoria sdhc; marca nikon; zoom ottico da 4x a 6x; |2.8888888889|
|nikon coolpix s1100 pj black|configurazione reflex con obiettivo; altre funzioni con stabilizzatore d'immagine; megapixels oltre 12 megapixels; peso da 150 a 200 g; design compatta; tipo di memoria sd; tipo di memoria sdhc; tipo di memoria sdxc; marca nikon; zoom ottico da 4x a 6x; |2.8888888889|
|nikon coolpix s1100 pj green|configurazione reflex con obiettivo; altre funzioni con stabilizzatore d'immagine; megapixels oltre 12 megapixels; peso da 150 a 200 g; design compatta; tipo di memoria sd; tipo di memoria sdhc; tipo di memoria sdxc; marca nikon; zoom ottico da 4x a 6x; |2.8888888889|
|nikon coolpix s230 black|configurazione reflex con obiettivo; altre funzioni con stabilizzatore d'immagine; zoom ottico da 2x a 4x; design compatta; peso da 100 a 150 g; megapixels da 8 a 10 megapixels; tipo di memoria sd; tipo di memoria sdhc; marca nikon; |3|
|nakon coolpix|
|nikon coolpix l120 black|configurazione reflex con obiettivo; altre funzioni con stabilizzatore d'immagine; megapixels oltre 12 megapixels; design compatta; zoom ottico oltre 10x; tipo di memoria sd; tipo di memoria sdhc; tipo di memoria sdxc; marca nikon; peso oltre 300 g; |2.8888888889|
|nikon coolpix s1000pj silver|configurazione reflex con obiettivo; altre funzioni con stabilizzatore d'immagine; megapixels oltre 12 megapixels; peso da 150 a 200 g; design compatta; tipo di memoria sd; tipo di memoria sdhc; marca nikon; zoom ottico da 4x a 6x; |2.8888888889|
|nikon coolpix s3000 green|megapixels da 10 a 12 megapixels; configurazione reflex con obiettivo; altre funzioni con stabilizzatore d'immagine; zoom ottico da 2x a 4x; design compatta; peso da 100 a 150 g; tipo di memoria sd; tipo di memoria sdhc; marca nikon; |2.8888888889|
|nikon coolpix s3000 blue|megapixels da 10 a 12 megapixels; configurazione reflex con obiettivo; altre funzioni con stabilizzatore d'immagine; zoom ottico da 2x a 4x; design compatta; peso da 100 a 150 g; tipo di memoria sd; tipo di memoria sdhc; marca nikon; |2.7777777778|
|nikon coolpix s4000 black|megapixels da 10 a 12 megapixels; configurazione reflex con obiettivo; altre funzioni con stabilizzatore d'immagine; zoom ottico da 2x a 4x; design compatta; peso da 100 a 150 g; tipo di memoria sd; tipo di memoria sdhc; marca nikon; |2.8888888889|
|nikon coolpix s230 blue|configurazione reflex con obiettivo; altre funzioni con stabilizzatore d'immagine; zoom ottico da 2x a 4x; design compatta; peso da 100 a 150 g; megapixels da 8 a 10 megapixels; tipo di memoria sd; tipo di memoria sdhc; marca nikon; |2.8888888889|
|nikon coolpix s3000 silver|megapixels da 10 a 12 megapixels; configurazione reflex con obiettivo; altre funzioni con stabilizzatore d'immagine; zoom ottico da 2x a 4x; design compatta; peso da 100 a 150 g; tipo di memoria sd; tipo di memoria sdhc; marca nikon; |2.7777777778|
|nikon coolpix s3000 orange|megapixels da 10 a 12 megapixels; configurazione reflex con obiettivo; altre funzioni con stabilizzatore d'immagine; zoom ottico da 2x a 4x; design compatta; peso da 100 a 150 g; tipo di memoria sd; tipo di memoria sdhc; marca nikon; |2.7777777778|
|nikon coolpix s3000 magenta|megapixels da 10 a 12 megapixels; configurazione reflex con obiettivo; altre funzioni con stabilizzatore d'immagine; zoom ottico da 2x a 4x; design compatta; peso da 100 a 150 g; tipo di memoria sd; tipo di memoria sdhc; marca nikon; |2.7777777778|
|nikon coolpix s1000pj black|configurazione reflex con obiettivo; altre funzioni con stabilizzatore d'immagine; megapixels oltre 12 megapixels; peso da 150 a 200 g; design compatta; tipo di memoria sd; tipo di memoria sdhc; marca nikon; zoom ottico da 4x a 6x; |2.7777777778|
|nikon coolpix s3000 black|megapixels da 10 a 12 megapixels; configurazione reflex con obiettivo; altre funzioni con stabilizzatore d'immagine; zoom ottico da 2x a 4x; design compatta; peso da 100 a 150 g; tipo di memoria sd; tipo di memoria sdhc; marca nikon; |2.7777777778|
|nikon coolpix s230 black|configurazione reflex con obiettivo; altre funzioni con stabilizzatore d'immagine; zoom ottico da 2x a 4x; design compatta; peso da 100 a 150 g; megapixels da 8 a 10 megapixels; tipo di memoria sd; tipo di memoria sdhc; marca nikon; |2.7777777778|
|nikon coolpix s5100 red|configurazione reflex con obiettivo; altre funzioni con stabilizzatore d'immagine; megapixels oltre 12 megapixels; design compatta; peso da 100 a 150 g; tipo di memoria sd; tipo di memoria sdhc; marca nikon; zoom ottico da 4x a 6x; |2.8888888889|
|nikon coolpix s5100 blue|configurazione reflex con obiettivo; altre funzioni con stabilizzatore d'immagine; megapixels oltre 12 megapixels; design compatta; peso da 100 a 150 g; tipo di memoria sd; tipo di memoria sdhc; marca nikon; zoom ottico da 4x a 6x; |2.7777777778|
|nikon coolpix s5100 pink|configurazione reflex con obiettivo; altre funzioni con stabilizzatore d'immagine; megapixels oltre 12 megapixels; design compatta; peso da 100 a 150 g; tipo di memoria sd; tipo di memoria sdhc; marca nikon; zoom ottico da 4x a 6x; |2.7777777778|
|nikon coolpix p500|configurazione reflex con obiettivo; altre funzioni esposizione manuale; altre funzioni con stabilizzatore d'immagine; megapixels oltre 12 megapixels; design compatta; zoom ottico oltre 10x; tipo di memoria sd; tipo di memoria sdhc; tipo di memoria sdxc; marca nikon; peso oltre 300 g; |2.8888888889|
|nikon coolpix l110 black|configurazione reflex con obiettivo; altre funzioni con stabilizzatore d'immagine; megapixels oltre 12 megapixels; design compatta; zoom ottico oltre 10x; tipo di memoria sd; tipo di memoria sdhc; marca nikon; peso oltre 300 g; |2.8888888889|
|nikon coolpix l120 red|configurazione reflex con obiettivo; altre funzioni con stabilizzatore d'immagine; megapixels oltre 12 megapixels; design compatta; zoom ottico oltre 10x; tipo di memoria sd; tipo di memoria sdhc; tipo di memoria sdxc; marca nikon; peso oltre 300 g; |2.7777777778|
|nikon coolpix p300 black|configurazione reflex con obiettivo; altre funzioni esposizione manuale; altre funzioni con stabilizzatore d'immagine; megapixels oltre 12 megapixels; peso da 150 a 200 g; design compatta; tipo di memoria sd; tipo di memoria sdhc; tipo di memoria sdxc; marca nikon; zoom ottico da 4x a 6x; |2.7777777778|
|nikon coolpix s1100 pj black|configurazione reflex con obiettivo; altre funzioni con stabilizzatore d'immagine; megapixels oltre 12 megapixels; peso da 150 a 200 g; design compatta; tipo di memoria sd; tipo di memoria sdhc; tipo di memoria sdxc; marca nikon; zoom ottico da 4x a 6x; |2.8888888889|
|apple ipod nano|
|apple ipod nano 8gb blue 6g|capacità memoria da 4 a 8 gb; tipo con memoria flash; altre funzioni con visualizzatore foto; marca apple; tipo con radio; |3|
|apple ipod nano 8gb pink 6g|capacità memoria da 4 a 8 gb; tipo con memoria flash; altre funzioni con visualizzatore foto; marca apple; tipo con radio; |2.8888888889|
|apple ipod nano 8gb orange 6g|capacità memoria da 4 a 8 gb; tipo con memoria flash; altre funzioni con visualizzatore foto; marca apple; tipo con radio; |2.8888888889|
|apple ipod nano 16gb pink 6g|capacità memoria da 8 a 20 gb; tipo con memoria flash; altre funzioni con visualizzatore foto; marca apple; tipo con radio; |3|
|apple ipod nano 8gb silver 6g|capacità memoria da 4 a 8 gb; tipo con memoria flash; altre funzioni con visualizzatore foto; marca apple; tipo con radio; |2.8888888889|
|apple ipod nano 8gb green 6g|capacità memoria da 4 a 8 gb; tipo con memoria flash; altre funzioni con visualizzatore foto; marca apple; tipo con radio; |2.8888888889|
|apple ipod nano 8gb grafite 6g|capacità memoria da 4 a 8 gb; tipo con memoria flash; altre funzioni con visualizzatore foto; marca apple; tipo con radio; |2.8888888889|
|apple ipod nano 16gb blue 6g|capacità memoria da 8 a 20 gb; tipo con memoria flash; altre funzioni con visualizzatore foto; marca apple; tipo con radio; |2.8888888889|
|apple ipod nano 16gb orange 6g|capacità memoria da 8 a 20 gb; tipo con memoria flash; altre funzioni con visualizzatore foto; marca apple; tipo con radio; |2.8888888889|
|apple ipod nano 16gb grafite 6g|capacità memoria da 8 a 20 gb; tipo con memoria flash; altre funzioni con visualizzatore foto; marca apple; tipo con radio; |2.8888888889|
|apple ipod nano 16gb green 6g|capacità memoria da 8 a 20 gb; tipo con memoria flash; altre funzioni con visualizzatore foto; marca apple; tipo con radio; |2.8888888889|
|apple ipod nano 16gb silver 6g|capacità memoria da 8 a 20 gb; tipo con memoria flash; altre funzioni con visualizzatore foto; marca apple; tipo con radio; |2.8888888889|
|apple ipod classic 160gb nero new edition|tipo con hard disk; altre funzioni con visualizzatore foto; marca apple; capacità memoria oltre 40 gb; |2.3333333333|
|apple ipod touch 8gb 4a generazione|capacità memoria da 4 a 8 gb; tipo con memoria flash; altre funzioni con visualizzatore foto; marca apple; |1.8888888889|
|apple ipod shuffle 2gb silver 5g|tipo con memoria flash; marca apple; capacità memoria da 1 a 4 gb; |1.8888888889|
|apple nano/touch/iphone dock 3g mb125g/c|dock per dispositivi apple|1.3333333333|
|belkin custodia per ipod nano 5g blue|custodia per ipod nano|0.7777777778|
|belkin custodia per ipod nano 5g pink|custodia per ipod nano|0.7777777778|
|belkin custodia per ipod nano 5g trasparente|custodia per ipod nano|0.7777777778|
|belkin custodia per ipod nano 5g yellow|custodia per ipod nano|0.7777777778|
|nokia c7|
|nokia c7-00 frosty metal|design candybar; multimedia con fotocamera; multimedia pda; connessioni edge; connessioni gprs; connessioni umts; connessioni hsdpa; connessioni hsupa; marca nokia; connessioni wi-fi; multimedia registrazione video; peso oltre 120 g; multimedia con lettore mp3; tipo di tastiera touch-screen; multimedia con radio; altre funzioni memoria espandibile; connessioni bluetooth; sistema operativo symbian; multimedia con gps integrato; |3|
|nokia c7-00 mahagony brown|design candybar; multimedia con fotocamera; multimedia pda; connessioni edge; connessioni gprs; connessioni umts; connessioni hsdpa; connessioni hsupa; marca nokia; connessioni wi-fi; multimedia registrazione video; peso oltre 120 g; multimedia con lettore mp3; tipo di tastiera touch-screen; multimedia con radio; altre funzioni memoria espandibile; connessioni bluetooth; sistema operativo symbian; multimedia con gps integrato; |2.8888888889|
|nokia c7-00 charcoal black da esposizione|design candybar; multimedia con fotocamera; multimedia pda; connessioni edge; connessioni gprs; connessioni umts; connessioni hsdpa; connessioni hsupa; marca nokia; connessioni wi-fi; multimedia registrazione video; peso oltre 120 g; multimedia con lettore mp3; tipo di tastiera touch-screen; multimedia con radio; altre funzioni memoria espandibile; connessioni bluetooth; sistema operativo symbian; multimedia con gps integrato; |2.8888888889|
|nokia e71 grey steel|connessioni infrarossi; sistema operativo symbian; multimedia con gps integrato; design candybar; multimedia con fotocamera; multimedia pda; connessioni edge; connessioni gprs; connessioni umts; connessioni hscsd; connessioni hsdpa; marca nokia; connessioni wi-fi; tipo di tastiera tastiera estesa; peso oltre 120 g; multimedia con radio; altre funzioni memoria espandibile; connessioni bluetooth; |1.2222222222|
|nokia 2710 black + kit navi|design candybar; multimedia con fotocamera; multimedia pda; connessioni edge; connessioni gprs; marca nokia; peso da 85 a 90 g; multimedia con lettore mp3; multimedia con radio; altre funzioni memoria espandibile; connessioni bluetooth; multimedia con gps integrato; |1.1111111111|
|nokia e75 black/silver tastiera qwerty|multimedia con gps integrato; multimedia con fotocamera; multimedia pda; connessioni edge; connessioni gprs; connessioni umts; connessioni hsdpa; marca nokia; connessioni wi-fi; tipo di tastiera tastiera estesa; multimedia registrazione video; peso oltre 120 g; multimedia con lettore mp3; multimedia con radio; altre funzioni memoria espandibile; design scorrevole; connessioni bluetooth; sistema operativo symbian; |1.1111111111|
|nokia x3-02 pink|tipo di tastiera tastiera numerica; peso da 75 a 80 g; design candybar; multimedia con fotocamera; multimedia pda; connessioni edge; connessioni gprs; connessioni umts; connessioni hsdpa; connessioni hsupa; marca nokia; connessioni wi-fi; multimedia registrazione video; multimedia con lettore mp3; tipo di tastiera touch-screen; multimedia con radio; altre funzioni memoria espandibile; connessioni bluetooth; |1.1111111111|
|nokia 6700 slide aluminium|peso da 100 a 120 g; multimedia con fotocamera; multimedia pda; connessioni edge; connessioni gprs; connessioni umts; connessioni hsdpa; connessioni hsupa; marca nokia; multimedia registrazione video; multimedia con lettore mp3; multimedia con radio; altre funzioni memoria espandibile; design scorrevole; connessioni bluetooth; sistema operativo symbian; |1.1111111111|
|nokia n8-00 black|design candybar; multimedia con fotocamera; multimedia pda; connessioni edge; connessioni gprs; connessioni umts; connessioni hsdpa; connessioni hsupa; marca nokia; connessioni wi-fi; multimedia registrazione video; peso oltre 120 g; multimedia con lettore mp3; tipo di tastiera touch-screen; multimedia con radio; altre funzioni memoria espandibile; connessioni bluetooth; sistema operativo symbian; multimedia con gps integrato; |1.1111111111|
|nokia x2-00 silver/blue|design candybar; multimedia con fotocamera; multimedia pda; connessioni edge; connessioni gprs; marca nokia; peso da 80 a 85 g; multimedia registrazione video; multimedia con lettore mp3; multimedia con radio; altre funzioni memoria espandibile; connessioni bluetooth; |1.1111111111|
|nokia 6700 slide blue|peso da 100 a 120 g; multimedia con fotocamera; multimedia pda; connessioni edge; connessioni gprs; connessioni umts; connessioni hsdpa; connessioni hsupa; marca nokia; multimedia registrazione video; multimedia con lettore mp3; multimedia con radio; altre funzioni memoria espandibile; design scorrevole; connessioni bluetooth; sistema operativo symbian; |1|
|nokia 3710 fold pink ultimo pezzo|design conchiglia; multimedia con gps integrato; peso da 90 a 95 g; multimedia con fotocamera; multimedia pda; connessioni edge; connessioni gprs; connessioni umts; marca nokia; multimedia registrazione video; multimedia con lettore mp3; multimedia con radio; altre funzioni memoria espandibile; connessioni bluetooth; |1|
|nokia 6700 slide red|peso da 100 a 120 g; multimedia con fotocamera; multimedia pda; connessioni edge; connessioni gprs; connessioni umts; connessioni hsdpa; connessioni hsupa; marca nokia; multimedia registrazione video; multimedia con lettore mp3; multimedia con radio; altre funzioni memoria espandibile; design scorrevole; connessioni bluetooth; sistema operativo symbian; |1|
|nokia x6-00 16gb white menu inglese tedesco e francese|multimedia con gps integrato; design candybar; multimedia con fotocamera; multimedia pda; connessioni edge; connessioni gprs; connessioni umts; connessioni hscsd; connessioni hsdpa; marca nokia; connessioni wi-fi; peso oltre 120 g; multimedia con lettore mp3; multimedia con radio; connessioni bluetooth; sistema operativo symbian; |1.1111111111|
|nokia 2710 silver + kit navi|design candybar; multimedia con fotocamera; multimedia pda; connessioni edge; connessioni gprs; marca nokia; peso da 85 a 90 g; multimedia con lettore mp3; multimedia con radio; altre funzioni memoria espandibile; connessioni bluetooth; multimedia con gps integrato; |1.1111111111|
|nokia 2700 classic black|design candybar; multimedia con fotocamera; multimedia pda; connessioni edge; connessioni gprs; marca nokia; peso da 80 a 85 g; multimedia registrazione video; multimedia con lettore mp3; multimedia con radio; altre funzioni memoria espandibile; connessioni bluetooth; |1.1111111111|
|nokia 2700 classic red|design candybar; multimedia con fotocamera; multimedia pda; connessioni edge; connessioni gprs; marca nokia; peso da 80 a 85 g; multimedia registrazione video; multimedia con lettore mp3; multimedia con radio; altre funzioni memoria espandibile; connessioni bluetooth; |1.1111111111|
|nokia x2-00 black/red|design candybar; multimedia con fotocamera; multimedia pda; connessioni edge; connessioni gprs; marca nokia; peso da 80 a 85 g; multimedia registrazione video; multimedia con lettore mp3; multimedia con radio; altre funzioni memoria espandibile; connessioni bluetooth; |1.1111111111|
|nokia x3-00 black/red|peso da 100 a 120 g; multimedia con fotocamera; multimedia pda; connessioni edge; connessioni gprs; marca nokia; multimedia con radio; altre funzioni memoria espandibile; design scorrevole; connessioni bluetooth; |0.8888888889|
|radiosveglia sony icf-c7 ip|radio sveglia sony|0.1111111111|
|nikon d90|
|nikon d90 body|configurazione reflex solo corpo macchina; altre funzioni esposizione manuale; altre funzioni con stabilizzatore d'immagine; megapixels oltre 12 megapixels; design reflex; tipo di memoria sd; tipo di memoria sdhc; marca nikon; peso oltre 300 g; |3|
|nikon d90 kit af-s vr 18-55 mm|megapixelsoltre 12 megapixels;altre funzionicon stabilizzatore d'immagine;marcanikon;altre funzioniesposizione manuale;designreflex;tipo di memoriasd;tipo di memoriasdhc;pesooltre 300 g;zoom otticoda 2x a 4x;configurazione reflexcon obiettivo|2.8888888889|
|nikon d90 kit af-s vr 18-55 + vr 55-200 mm|configurazione reflex con obiettivo; altre funzioni esposizione manuale; altre funzioni con stabilizzatore d'immagine; megapixels oltre 12 megapixels; zoom ottico da 2x a 4x; design reflex; tipo di memoria sd; tipo di memoria sdhc; marca nikon; peso oltre 300 g; |2.8888888889|
|nikon d90 kit af-s vr 18-105 mm|configurazione reflex con obiettivo; altre funzioni esposizione manuale; altre funzioni con stabilizzatore d'immagine; megapixels oltre 12 megapixels; design reflex; tipo di memoria sd; tipo di memoria sdhc; marca nikon; zoom ottico da 4x a 6x; peso oltre 300 g; |2.8888888889|
|nikon d90 kit af-s dx vr ii 18-200 mm|configurazione reflex con obiettivo; altre funzioni esposizione manuale; altre funzioni con stabilizzatore d'immagine; megapixels oltre 12 megapixels; design reflex; zoom ottico oltre 10x; tipo di memoria sd; tipo di memoria sdhc; marca nikon; peso oltre 300 g; |2.8888888889|
|nikon d90 kit af-s dx vr 16-85 mm|configurazione reflex con obiettivo; altre funzioni esposizione manuale; altre funzioni con stabilizzatore d'immagine; megapixels oltre 12 megapixels; design reflex; tipo di memoria sd; tipo di memoria sdhc; marca nikon; zoom ottico da 4x a 6x; peso oltre 300 g; |2.8888888889|
|nikon d90 kit af-s vr 18-105 + vr 70-300mm|configurazione reflex con obiettivo; altre funzioni esposizione manuale; altre funzioni con stabilizzatore d'immagine; megapixels oltre 12 megapixels; design reflex; tipo di memoria sd; tipo di memoria sdhc; marca nikon; zoom ottico da 4x a 6x; peso oltre 300 g; configurazione reflex con 2 obiettivi; |2.8888888889|
|nikon d3100 body|configurazione reflex solo corpo macchina; megapixels oltre 12 megapixels; design reflex; tipo di memoria sd; tipo di memoria sdhc; tipo di memoria sdxc; marca nikon; peso oltre 300 g; |1.3333333333|
|nikon coolpix p500|configurazione reflex con obiettivo; altre funzioni esposizione manuale; altre funzioni con stabilizzatore d'immagine; megapixels oltre 12 megapixels; design compatta; zoom ottico oltre 10x; tipo di memoria sd; tipo di memoria sdhc; tipo di memoria sdxc; marca nikon; peso oltre 300 g; |1|
|nikon coolpix s9100 black|peso da 200 a 250 g; configurazione reflex con obiettivo; altre funzioni con stabilizzatore d'immagine; megapixels oltre 12 megapixels; design compatta; zoom ottico oltre 10x; tipo di memoria sd; tipo di memoria sdhc; tipo di memoria sdxc; marca nikon; |1|
|nikon coolpix p300 black|configurazione reflex con obiettivo; altre funzioni esposizione manuale; altre funzioni con stabilizzatore d'immagine; megapixels oltre 12 megapixels; peso da 150 a 200 g; design compatta; tipo di memoria sd; tipo di memoria sdhc; tipo di memoria sdxc; marca nikon; zoom ottico da 4x a 6x; |1|
|nikon coolpix s3000 black|megapixels da 10 a 12 megapixels; configurazione reflex con obiettivo; altre funzioni con stabilizzatore d'immagine; zoom ottico da 2x a 4x; design compatta; peso da 100 a 150 g; tipo di memoria sd; tipo di memoria sdhc; marca nikon; |1|
|nikon d3100 kit af-s vr 18-55 + vr 55-200 mm|megapixelsoltre 12 megapixels;altre funzionicon stabilizzatore d'immagine;marcanikon;altre funzioniesposizione manuale;designreflex;tipo di memoriasd;tipo di memoriasdhc;tipo di memoriasdxc;pesooltre 300 g;zoom otticoda 2x a 4x;configurazione reflexcon obiettivo|1.3333333333|
|nikon coolpix l120 red|configurazione reflex con obiettivo; altre funzioni con stabilizzatore d'immagine; megapixels oltre 12 megapixels; design compatta; zoom ottico oltre 10x; tipo di memoria sd; tipo di memoria sdhc; tipo di memoria sdxc; marca nikon; peso oltre 300 g; |1|
|nikon coolpix s5100 black|configurazione reflex con obiettivo; altre funzioni con stabilizzatore d'immagine; megapixels oltre 12 megapixels; design compatta; peso da 100 a 150 g; tipo di memoria sd; tipo di memoria sdhc; marca nikon; zoom ottico da 4x a 6x; |1|
|nikon cf-d80|custodia per fotocamere nikon D80 e D90|0.7777777778|
|impugnatura nikon battery pack mb-d10|battery pack ed impugnatura per fotocamere Nikon. Aumenta la velocità massima di avanzamento dei fotogrammi a 8 fotogrammi al secondo|0.4444444444|
|impugnatura nikon battery pack mb-d80|battery pack ed impugnatura per fotocamere Nikon.|0.4444444444|
|adattatore nikon eh-5 a|adattatore per corrente per fotocamere nikon|0.4444444444|
|caricabatteria nikon eh-62 d|caricabatterie per fotocamere nikon|0.4444444444|
|tom tom xl|
|tomtom xl² traffic iq-routes v2 central europe|navigatore tom tom|2.8888888889|
|tomtom xl live iq-routes europa 42|utilizzo principale automobile; dimensione schermo da 3.5'' a 4.3''; |3|
|tomtom start xl central europe|dimensione schermo fino a 3.5''; utilizzo principale automobile; |2.8888888889|
|tomtom xl classic italia|connessioni usb; utilizzo principale automobile; dimensione schermo da 3.5'' a 4.3''; |3|
|tomtom start xl europe traffic|dimensione schermo fino a 3.5''; utilizzo principale automobile; |2.6666666667|
|tomtom go live 1005 europe guida vocale tedesca|utilizzo principale automobile; dimensione schermo da 4.3'' a 5''; connessioni bluetooth; |1.6666666667|
|tomtom xxl iq-routes europe|utilizzo principale automobile; dimensione schermo da 4.3'' a 5''; |2.2222222222|
|tomtom go 750 live europe|utilizzo principale automobile; dimensione schermo da 3.5'' a 4.3''; |1.5555555556|
|tomtom via live 120 europa traffic guida vocale tedesca|utilizzo principale automobile; dimensione schermo da 3.5'' a 4.3''; |1.5555555556|
|tomtom start 2 europe 42 traffic|dimensione schermo fino a 3.5''; connessioni usb; utilizzo principale automobile; |1.4444444444|
|tomtom go 750t traffic europe|utilizzo principale automobile; dimensione schermo da 3.5'' a 4.3''; connessioni bluetooth; |1.5555555556|
|tomtom one iq-routes europe|dimensione schermo fino a 3.5''; connessioni usb; utilizzo principale automobile; |1.4444444444|
|tomtom start 2 europa white|dimensione schermo fino a 3.5''; connessioni usb; utilizzo principale automobile; |1.4444444444|
|tomtom urban rider iq routes europe|connessioni bluetooth; dimensione schermo fino a 3.5''; utilizzo principale automobile; |1.4444444444|
|custodia tomtom cuoio one xl|custodia per navigatore tom tom xl|0.8888888889|
|nintendo dsi xl blue|console giochi nintendo dsi xl|0.1111111111|
|nintendo dsi xl bordeaux|console giochi nintendo dsi xl|0.1111111111|
|nintendo dsi xl cioccolato|console giochi nintendo dsi xl|0.1111111111|
|nintendo dsi xl green|console giochi nintendo dsi xl|0.1111111111|
|nintendo dsi xl yellow|console giochi nintendo dsi xl|0.1111111111|
|psp|
|sony playstation psp 3004 slim & lite lilac|marca sony; |3|
|sony playstation psp 3004 slim & lite black|marca sony; |2.8888888889|
|sony playstation pspgo portatile 16gb black|marca sony; |2.7777777778|
|sony playstation pspgo portatile 16gb white|marca sony; |2.6666666667|
|sony playstation ps3 slim 320gb|playstation 3|1.4444444444|
|sony playstation ps3 slim 160gb|marca sony; |1.4444444444|
|sony playstation ps3 slim 320gb + gioco gran turismo 5|marca sony; |1.4444444444|
|sony playstation ps3 slim 320gb + playstation move|marca sony; |1.4444444444|
|tamron sp af 17-50mm f/2.8 di ii ld asp.canon|lunghezza focale minima fino a 17 mm; apertura da 2.0 a 2.8; tipo montaggio canon ef; tipo obiettivo a lunghezza focale variabile; lunghezza focale massima da 28 a 55 mm; tipo standard; |0.1111111111|
|tamron sp af 17-50mm f/2.8 di ii ld asp.nikon|lunghezza focale minima fino a 17 mm; apertura da 2.0 a 2.8; tipo obiettivo a lunghezza focale variabile; lunghezza focale massima da 28 a 55 mm; tipo standard; tipo montaggio nikon f; |0.1111111111|
|tamron sp af 17-50mm f/2.8 di ii vc ld asp.canon|lunghezza focale minima fino a 17 mm; apertura da 2.0 a 2.8; tipo montaggio canon ef; tipo obiettivo a lunghezza focale variabile; lunghezza focale massima da 28 a 55 mm; tipo standard; |0.1111111111|
|tamron sp af 17-50mm f/2.8 di ii vc ld asp.nikon|lunghezza focale minima fino a 17 mm; apertura da 2.0 a 2.8; tipo obiettivo a lunghezza focale variabile; lunghezza focale massima da 28 a 55 mm; tipo standard; tipo montaggio nikon f; |0.1111111111|
|tamron sp af 17-50mm f/2.8 di ii ld asp.pentax|lunghezza focale minima fino a 17 mm; apertura da 2.0 a 2.8; tipo obiettivo a lunghezza focale variabile; tipo montaggio pentax k; lunghezza focale massima da 28 a 55 mm; tipo standard; |0.1111111111|
|tamron sp af 10-24/3.5-4.5 di ii ld asp. pentax|per macchine fotografiche canon|0.1111111111|
|sigma af 24mm f/1.8 ex dg asp macro canon|tipo obiettivo a lunghezza focale fissa; tipo grandangolari; lunghezza focale minima da 17 a 24 mm; lunghezza focale massima fino a 28 mm; apertura fino a 2.0; tipo montaggio canon ef; marca sigma; |0.1111111111|
|etichettatrice dymo labelmanager pnp|procedimento di stampa termodiretta; larghezza di banda da 6mm a 12mm; risoluzione di stampa 180dpi|0.1111111111|
|panasonic dmw-psh 11 xek|custodia per fotocamere panasonic serie dmc|0.1111111111|
|panasonic dmw-pss 02 xek|custodia per fotocamere panasonic serie dmc|0.1111111111|
|panasonic dmw-pss 03 xek|custodia per fotocamere panasonic serie dmc|0.1111111111|
|delkin paraluce per display pop-up shade universal 20|paraluce per fotocamere digitali. Permette di vedere il meglio il monitor lcd in condizioni di luce intensa|0.1111111111|
|apple ipad|
|ipad apple 32gb wifi mb293fd/a|dimensione schermo da 9'' a 11''; marca apple; connessioni wi-fi; peso oltre 600 g; caratteristiche accelerometro; caratteristiche bussola digitale; connessioni bluetooth; sistema operativo apple ios; |3|
|ipad apple 64gb wifi+ 3g umts mc497fd/a|sistema operativo apple ios; dimensione schermo da 9'' a 11''; connessioni gsm; connessioni edge; connessioni umts; marca apple; connessioni hsdpa; connessioni wi-fi; peso oltre 600 g; caratteristiche accelerometro; caratteristiche bussola digitale; caratteristiche memoria espandibile; connessioni bluetooth; |3|
|ipad apple 16gb wifi+ 3g umts mc349fd/a|sistema operativo apple ios; dimensione schermo da 9'' a 11''; connessioni gsm; connessioni edge; connessioni umts; marca apple; connessioni hsdpa; connessioni wi-fi; peso oltre 600 g; caratteristiche accelerometro; caratteristiche bussola digitale; caratteristiche memoria espandibile; connessioni bluetooth; |3|
|ipad apple 64gb wifi mb294fd/a|dimensione schermo da 9'' a 11''; marca apple; connessioni wi-fi; peso oltre 600 g; caratteristiche accelerometro; caratteristiche bussola digitale; connessioni bluetooth; sistema operativo apple ios; |3|
|ipad apple 32gb wifi+ 3g umts mc496tya|sistema operativo apple ios; dimensione schermo da 9'' a 11''; connessioni gsm; connessioni edge; connessioni umts; marca apple; connessioni hsdpa; connessioni wi-fi; peso oltre 600 g; caratteristiche accelerometro; caratteristiche bussola digitale; caratteristiche memoria espandibile; connessioni bluetooth; |3|
|apple ipod classic 160gb nero new edition|tipo con hard disk; altre funzioni con visualizzatore foto; marca apple; capacità memoria oltre 40 gb; |0.7777777778|
|apple ipod touch 8gb 4a generazione|capacità memoria da 4 a 8 gb; tipo con memoria flash; altre funzioni con visualizzatore foto; marca apple; |0.8888888889|
|apple ipod nano 8gb blue 6g|capacità memoria da 4 a 8 gb; tipo con memoria flash; altre funzioni con visualizzatore foto; marca apple; tipo con radio; |0.7777777778|
|apple ipod nano 8gb pink 6g|capacità memoria da 4 a 8 gb; tipo con memoria flash; altre funzioni con visualizzatore foto; marca apple; tipo con radio; |0.7777777778|
|apple ipod shuffle 2gb silver 5g|tipo con memoria flash; marca apple; capacità memoria da 1 a 4 gb; |0.6666666667|
|apple ipod shuffle 2gb pink 5g|tipo con memoria flash; marca apple; capacità memoria da 1 a 4 gb; |0.5555555556|
|apple ipod nano 8gb orange 6g|capacità memoria da 4 a 8 gb; tipo con memoria flash; altre funzioni con visualizzatore foto; marca apple; tipo con radio; |0.7777777778|
|apple ipod nano 16gb pink 6g|capacità memoria da 8 a 20 gb; tipo con memoria flash; altre funzioni con visualizzatore foto; marca apple; tipo con radio; |0.7777777778|
|apple ipod nano 8gb silver 6g|capacità memoria da 4 a 8 gb; tipo con memoria flash; altre funzioni con visualizzatore foto; marca apple; tipo con radio; |0.7777777778|
|apple ipod nano 8gb green 6g|capacità memoria da 4 a 8 gb; tipo con memoria flash; altre funzioni con visualizzatore foto; marca apple; tipo con radio; |0.7777777778|
|apple av connection kit mb129za/b|Contiene i seguenti componenti: Cavo AV per iPod Universal Dock Adattatori Dock Apple Remote Alimentatore USB Connettore Dock per Cavo USB|0.4444444444|
|apple nano/touch/iphone dock 3g mb125g/c|dock per dispositivi apple|0.3333333333|
|accessorio apple power adapter mc556z/a|adattatore per corrente per dispositivi apple|0.4444444444|
|apple ipod classic 160gb argento new edition|tipo con hard disk; altre funzioni con visualizzatore foto; marca apple; capacità memoria oltre 40 gb; |0.7777777778|
|apple ipod nano 16gb blue 6g|capacità memoria da 8 a 20 gb; tipo con memoria flash; altre funzioni con visualizzatore foto; marca apple; tipo con radio; |0.7777777778|
|lg optimus|
|lg optimus 7 e900 black|multimedia con gps integrato; design candybar; multimedia con fotocamera; marca lg; multimedia pda; connessioni edge; connessioni gprs; connessioni umts; connessioni hsdpa; connessioni hsupa; connessioni wi-fi; peso oltre 120 g; multimedia con lettore mp3; tipo di tastiera touch-screen; multimedia con radio; connessioni bluetooth; |3|
|lg p500 optimus one black/chrome|sistema operativo android; design candybar; multimedia con fotocamera; marca lg; multimedia pda; connessioni edge; connessioni gprs; connessioni umts; connessioni hsdpa; connessioni wi-fi; peso oltre 120 g; multimedia con lettore mp3; tipo di tastiera touch-screen; multimedia con radio; altre funzioni memoria espandibile; connessioni bluetooth; multimedia con gps integrato; |3|
|lg p500 optimus one silver|sistema operativo android; design candybar; multimedia con fotocamera; marca lg; multimedia pda; connessioni edge; connessioni gprs; connessioni umts; connessioni hsdpa; connessioni wi-fi; peso oltre 120 g; multimedia con lettore mp3; tipo di tastiera touch-screen; multimedia con radio; altre funzioni memoria espandibile; connessioni bluetooth; multimedia con gps integrato; |2.8888888889|
|lg p500 optimus one silver/blue|sistema operativo android; design candybar; multimedia con fotocamera; marca lg; multimedia pda; connessioni edge; connessioni gprs; connessioni umts; connessioni hsdpa; connessioni wi-fi; peso oltre 120 g; multimedia con lettore mp3; tipo di tastiera touch-screen; multimedia con radio; altre funzioni memoria espandibile; connessioni bluetooth; multimedia con gps integrato; |2.8888888889|
|lg gd550 gray|multimedia con fotocamera; marca lg; connessioni edge; connessioni gprs; connessioni hsdpa; peso oltre 120 g; multimedia con lettore mp3; multimedia con radio; altre funzioni memoria espandibile; design scorrevole; connessioni bluetooth; |1.2222222222|
|lg gd880 mini|peso da 100 a 120 g; design candybar; multimedia con fotocamera; marca lg; connessioni edge; connessioni gprs; connessioni hsdpa; connessioni wi-fi; multimedia con lettore mp3; tipo di tastiera touch-screen; multimedia con radio; altre funzioni memoria espandibile; connessioni bluetooth; multimedia con gps integrato; |1.3333333333|
|lg gd910 watch phone|altre funzioni ultra resistente; design orologio da polso; multimedia con fotocamera; marca lg; connessioni umts; connessioni hsdpa; tipo di tastiera touch-screen; connessioni bluetooth; |0.8888888889|
|lg gs290 cookie fresh blue/silver|design candybar; multimedia con fotocamera; marca lg; multimedia pda; connessioni edge; connessioni gprs; peso da 85 a 90 g; multimedia con lettore mp3; tipo di tastiera touch-screen; multimedia con radio; altre funzioni memoria espandibile; connessioni bluetooth; |1.1111111111|
|lg gs290 cookie fresh white/orange ultimi pezzi|design candybar; multimedia con fotocamera; marca lg; multimedia pda; connessioni edge; connessioni gprs; peso da 85 a 90 g; multimedia con lettore mp3; tipo di tastiera touch-screen; multimedia con radio; altre funzioni memoria espandibile; connessioni bluetooth; |1.1111111111|
|lg gs290 cookie fresh white/red ultimo pezzo|design candybar; multimedia con fotocamera; marca lg; multimedia pda; connessioni edge; connessioni gprs; peso da 85 a 90 g; multimedia con lettore mp3; tipo di tastiera touch-screen; multimedia con radio; altre funzioni memoria espandibile; connessioni bluetooth; |1.1111111111|
|lg km570 arena ii metallic blue|design candybar; multimedia con fotocamera; marca lg; multimedia pda; connessioni edge; connessioni gprs; connessioni umts; connessioni hsdpa; peso da 85 a 90 g; multimedia con lettore mp3; tipo di tastiera touch-screen; multimedia con radio; altre funzioni memoria espandibile; connessioni bluetooth; |1.2222222222|
|lg km570 arena ii metallic purple|design candybar; multimedia con fotocamera; marca lg; multimedia pda; connessioni edge; connessioni gprs; connessioni umts; connessioni hsdpa; peso da 85 a 90 g; multimedia con lettore mp3; tipo di tastiera touch-screen; multimedia con radio; altre funzioni memoria espandibile; connessioni bluetooth; |1.2222222222|
|lg t310 bubble black/red|design candybar; multimedia con fotocamera; marca lg; multimedia pda; connessioni edge; connessioni gprs; peso da 85 a 90 g; multimedia con lettore mp3; tipo di tastiera touch-screen; multimedia con radio; altre funzioni memoria espandibile; connessioni bluetooth; |1.2222222222|
|lg t310 bubble white/orange|design candybar; multimedia con fotocamera; marca lg; multimedia pda; connessioni edge; connessioni gprs; peso da 85 a 90 g; multimedia con lettore mp3; tipo di tastiera touch-screen; multimedia con radio; altre funzioni memoria espandibile; connessioni bluetooth; |1.2222222222|
|lg gt400 viewty smile white|cellulare|1|
|impianto cinema lg ht304su|altre funzioni upscaling; marca lg; |0.1111111111|
|impianto cinema lg hb 905 pa|altre funzioni mp3 compatibile; altre funzioni upscaling; marca lg; |0.1111111111|
|impianto cinema lg hb 965 df|altre funzioni upscaling; marca lg; |0.1111111111|
|lg dvx-592 h|lettore dvd; marca lg|0.1111111111|
|lg t320 cookie 3g titanium black|cellulare marca lg|0.8888888889|
|nokia 5228|
|nokia 5228 black|peso da 100 a 120 g; design candybar; multimedia con fotocamera; multimedia pda; connessioni edge; connessioni gprs; connessioni hscsd; marca nokia; multimedia registrazione video; multimedia con lettore mp3; tipo di tastiera touch-screen; multimedia con radio; altre funzioni memoria espandibile; connessioni bluetooth; sistema operativo symbian; |3|
|nokia 5228 white/blue|peso da 100 a 120 g; design candybar; multimedia con fotocamera; multimedia pda; connessioni edge; connessioni gprs; connessioni hscsd; marca nokia; multimedia registrazione video; multimedia con lettore mp3; tipo di tastiera touch-screen; multimedia con radio; altre funzioni memoria espandibile; connessioni bluetooth; sistema operativo symbian; |2.8888888889|
|nokia 5228 white/silver|peso da 100 a 120 g; design candybar; multimedia con fotocamera; multimedia pda; connessioni edge; connessioni gprs; connessioni hscsd; marca nokia; multimedia registrazione video; multimedia con lettore mp3; tipo di tastiera touch-screen; multimedia con radio; altre funzioni memoria espandibile; connessioni bluetooth; sistema operativo symbian; |2.8888888889|
|nokia 5230 all black + kit navi|peso da 100 a 120 g; design candybar; multimedia con fotocamera; multimedia pda; connessioni edge; connessioni gprs; connessioni umts; connessioni hscsd; connessioni hsdpa; marca nokia; multimedia registrazione video; multimedia con lettore mp3; tipo di tastiera touch-screen; multimedia con radio; altre funzioni memoria espandibile; connessioni bluetooth; sistema operativo symbian; multimedia con gps integrato; |1.2222222222|
|nokia 5230 black/chrome + kit navi|peso da 100 a 120 g; design candybar; multimedia con fotocamera; multimedia pda; connessioni edge; connessioni gprs; connessioni umts; connessioni hscsd; connessioni hsdpa; marca nokia; multimedia registrazione video; multimedia con lettore mp3; tipo di tastiera touch-screen; multimedia con radio; altre funzioni memoria espandibile; connessioni bluetooth; sistema operativo symbian; multimedia con gps integrato; |1.2222222222|
|nokia 5230 white/chrome + kit navi|peso da 100 a 120 g; design candybar; multimedia con fotocamera; multimedia pda; connessioni edge; connessioni gprs; connessioni umts; connessioni hscsd; connessioni hsdpa; marca nokia; multimedia registrazione video; multimedia con lettore mp3; tipo di tastiera touch-screen; multimedia con radio; altre funzioni memoria espandibile; connessioni bluetooth; sistema operativo symbian; multimedia con gps integrato; |1.2222222222|
|nokia 5250 blue|peso da 100 a 120 g; design candybar; multimedia con fotocamera; multimedia pda; connessioni edge; connessioni gprs; marca nokia; multimedia registrazione video; multimedia con lettore mp3; tipo di tastiera touch-screen; multimedia con radio; altre funzioni memoria espandibile; connessioni bluetooth; sistema operativo symbian; |1.2222222222|
|nokia 5250 dark gray|peso da 100 a 120 g; design candybar; multimedia con fotocamera; multimedia pda; connessioni edge; connessioni gprs; marca nokia; multimedia registrazione video; multimedia con lettore mp3; tipo di tastiera touch-screen; multimedia con radio; altre funzioni memoria espandibile; connessioni bluetooth; sistema operativo symbian; |1.2222222222|
|nokia 2700 classic black|design candybar; multimedia con fotocamera; multimedia pda; connessioni edge; connessioni gprs; marca nokia; peso da 80 a 85 g; multimedia registrazione video; multimedia con lettore mp3; multimedia con radio; altre funzioni memoria espandibile; connessioni bluetooth; |1|
|nokia 2700 classic red|design candybar; multimedia con fotocamera; multimedia pda; connessioni edge; connessioni gprs; marca nokia; peso da 80 a 85 g; multimedia registrazione video; multimedia con lettore mp3; multimedia con radio; altre funzioni memoria espandibile; connessioni bluetooth; |1|
|nokia 2710 black + kit navi|design candybar; multimedia con fotocamera; multimedia pda; connessioni edge; connessioni gprs; marca nokia; peso da 85 a 90 g; multimedia con lettore mp3; multimedia con radio; altre funzioni memoria espandibile; connessioni bluetooth; multimedia con gps integrato; |1|
|nokia 2710 silver + kit navi|design candybar; multimedia con fotocamera; multimedia pda; connessioni edge; connessioni gprs; marca nokia; peso da 85 a 90 g; multimedia con lettore mp3; multimedia con radio; altre funzioni memoria espandibile; connessioni bluetooth; multimedia con gps integrato; |1|
|nokia 2730 classic black|design candybar; multimedia con fotocamera; multimedia pda; connessioni edge; connessioni gprs; connessioni umts; marca nokia; multimedia registrazione video; peso da 85 a 90 g; multimedia con lettore mp3; multimedia con radio; altre funzioni memoria espandibile; connessioni bluetooth; |1|
|nokia 3710 fold pink ultimo pezzo|design conchiglia; multimedia con gps integrato; peso da 90 a 95 g; multimedia con fotocamera; multimedia pda; connessioni edge; connessioni gprs; connessioni umts; marca nokia; multimedia registrazione video; multimedia con lettore mp3; multimedia con radio; altre funzioni memoria espandibile; connessioni bluetooth; |1.1111111111|
|nokia x2-00 black/red|design candybar; multimedia con fotocamera; multimedia pda; connessioni edge; connessioni gprs; marca nokia; peso da 80 a 85 g; multimedia registrazione video; multimedia con lettore mp3; multimedia con radio; altre funzioni memoria espandibile; connessioni bluetooth; |1|
|nokia x2-00 silver/blue|design candybar; multimedia con fotocamera; multimedia pda; connessioni edge; connessioni gprs; marca nokia; peso da 80 a 85 g; multimedia registrazione video; multimedia con lettore mp3; multimedia con radio; altre funzioni memoria espandibile; connessioni bluetooth; |1|
|nokia x3-00 black/red|peso da 100 a 120 g; multimedia con fotocamera; multimedia pda; connessioni edge; connessioni gprs; marca nokia; multimedia con radio; altre funzioni memoria espandibile; design scorrevole; connessioni bluetooth; |1|
|nokia x3-00 blue/silver|peso da 100 a 120 g; multimedia con fotocamera; multimedia pda; connessioni edge; connessioni gprs; marca nokia; multimedia con radio; altre funzioni memoria espandibile; design scorrevole; connessioni bluetooth; |1|
|adattatore accendisigari nokia dc-9|caricabatterie da automobile per cellulari nokia|0.4444444444|
|auricolare bluetooth nokia bh-212|auricolare bluetooth per cellulari nokia|0.4444444444|
|fujifilm finepix|
|fujifilm fuji finepix hs10|zoom ottico oltre 10x; tipo di memoria sd; tipo di memoria sdhc; peso oltre 300 g; design bridge / prosumer; marca fujifilm; megapixels da 10 a 12 megapixels; configurazione reflex con obiettivo; altre funzioni esposizione manuale; altre funzioni con stabilizzatore d'immagine; |3|
|fujifilm fuji finepix s2950hd|marca fujifilm; configurazione reflex con obiettivo; altre funzioni esposizione manuale; altre funzioni con stabilizzatore d'immagine; megapixels oltre 12 megapixels; design compatta; zoom ottico oltre 10x; tipo di memoria sd; tipo di memoria sdhc; peso oltre 300 g; |3|
|fujifilm fuji finepix s4000hd|marca fujifilm; configurazione reflex con obiettivo; altre funzioni esposizione manuale; altre funzioni con stabilizzatore d'immagine; megapixels oltre 12 megapixels; design compatta; zoom ottico oltre 10x; tipo di memoria sd; tipo di memoria sdhc; peso oltre 300 g; |3|
|fujifilm fuji finepix f550exr gold full hd|marca fujifilm; configurazione reflex con obiettivo; altre funzioni esposizione manuale; altre funzioni con stabilizzatore d'immagine; megapixels oltre 12 megapixels; peso da 150 a 200 g; design compatta; zoom ottico oltre 10x; altre funzioni gps integrato; tipo di memoria sd; tipo di memoria sdhc; tipo di memoria sdxc; |3|
|fujifilm fuji finepix f70exr black|fotocamera digitale fujifilm|3|
|fujifilm fuji finepix s200exr|zoom ottico oltre 10x; tipo di memoria sd; tipo di memoria sdhc; peso oltre 300 g; design bridge / prosumer; marca fujifilm; megapixels da 10 a 12 megapixels; configurazione reflex con obiettivo; altre funzioni esposizione manuale; altre funzioni con stabilizzatore d'immagine; |3|
|fujifilm fuji finepix s3200|design compatta; marca fujifilm; |3|
|fujifilm fuji finepix f300exr black|marca fujifilm; megapixels da 10 a 12 megapixels; configurazione reflex con obiettivo; altre funzioni esposizione manuale; altre funzioni con stabilizzatore d'immagine; peso da 150 a 200 g; design compatta; zoom ottico oltre 10x; tipo di memoria sd; tipo di memoria sdhc; |3|
|fujifilm fuji finepix s1700|marca fujifilm; altre funzioni con stabilizzatore d'immagine; megapixels oltre 12 megapixels; design compatta; zoom ottico oltre 10x; tipo di memoria sd; tipo di memoria sdhc; peso oltre 300 g; |3|
|fujifilm fuji finepix av200 black|marca fujifilm; configurazione reflex con obiettivo; altre funzioni con stabilizzatore d'immagine; megapixels oltre 12 megapixels; zoom ottico da 2x a 4x; design compatta; peso da 100 a 150 g; tipo di memoria sd; tipo di memoria sdhc; |2.6666666667|
|fujifilm fuji finepix jx300 black|design compatta; marca fujifilm; |3|
|fujifilm fuji finepix f550exr black full hd|marca fujifilm; configurazione reflex con obiettivo; altre funzioni esposizione manuale; altre funzioni con stabilizzatore d'immagine; megapixels oltre 12 megapixels; peso da 150 a 200 g; design compatta; zoom ottico oltre 10x; altre funzioni gps integrato; tipo di memoria sd; tipo di memoria sdhc; tipo di memoria sdxc; |2.8888888889|
|fujifilm fuji finepix s3300hd|marca fujifilm; configurazione reflex con obiettivo; altre funzioni esposizione manuale; altre funzioni con stabilizzatore d'immagine; megapixels oltre 12 megapixels; design compatta; zoom ottico oltre 10x; tipo di memoria sd; tipo di memoria sdhc; peso oltre 300 g; |3|
|fujifilm fuji finepix xp10 silver ultimo pezzo|marca fujifilm; altre funzioni ultra resistente; configurazione reflex con obiettivo; altre funzioni con stabilizzatore d'immagine; megapixels oltre 12 megapixels; design compatta; peso da 100 a 150 g; tipo di memoria sd; tipo di memoria sdhc; zoom ottico da 4x a 6x; |3|
|fujifilm fuji finepix av200 silver|marca fujifilm; configurazione reflex con obiettivo; altre funzioni con stabilizzatore d'immagine; megapixels oltre 12 megapixels; zoom ottico da 2x a 4x; design compatta; peso da 100 a 150 g; tipo di memoria sd; tipo di memoria sdhc; |3|
|fujifilm fuji finepix ax300 black|marca fujifilm;|3|
|fujifilm fuji finepix ax300 silver|marca fujifilm;|2.8888888889|
|fujifilm fuji finepix s2000hd|marca fujifilm;|3|
|fujifilm fuji finepix s2500hd|marca fujifilm;|2.8888888889|
|fujifilm fuji finepix z800 black|marca fujifilm;|3|
|fuifilm funepix|
|fujifilm fuji finepix hs10|zoom ottico oltre 10x; tipo di memoria sd; tipo di memoria sdhc; peso oltre 300 g; design bridge / prosumer; marca fujifilm; megapixels da 10 a 12 megapixels; configurazione reflex con obiettivo; altre funzioni esposizione manuale; altre funzioni con stabilizzatore d'immagine; |2.4444444444|
|fujifilm fuji finepix s2950hd|marca fujifilm; configurazione reflex con obiettivo; altre funzioni esposizione manuale; altre funzioni con stabilizzatore d'immagine; megapixels oltre 12 megapixels; design compatta; zoom ottico oltre 10x; tipo di memoria sd; tipo di memoria sdhc; peso oltre 300 g; |2.4444444444|
|fujifilm fuji finepix s4000hd|marca fujifilm; configurazione reflex con obiettivo; altre funzioni esposizione manuale; altre funzioni con stabilizzatore d'immagine; megapixels oltre 12 megapixels; design compatta; zoom ottico oltre 10x; tipo di memoria sd; tipo di memoria sdhc; peso oltre 300 g; |2.4444444444|
|fujifilm fuji finepix f550exr gold full hd|marca fujifilm; configurazione reflex con obiettivo; altre funzioni esposizione manuale; altre funzioni con stabilizzatore d'immagine; megapixels oltre 12 megapixels; peso da 150 a 200 g; design compatta; zoom ottico oltre 10x; altre funzioni gps integrato; tipo di memoria sd; tipo di memoria sdhc; tipo di memoria sdxc; |2.4444444444|
|fujifilm fuji finepix f70exr black|fotocamera digitale fujifilm|2.4444444444|
|fujifilm fuji finepix s200exr|zoom ottico oltre 10x; tipo di memoria sd; tipo di memoria sdhc; peso oltre 300 g; design bridge / prosumer; marca fujifilm; megapixels da 10 a 12 megapixels; configurazione reflex con obiettivo; altre funzioni esposizione manuale; altre funzioni con stabilizzatore d'immagine; |2.4444444444|
|fujifilm fuji finepix s3200|design compatta; marca fujifilm; |2.4444444444|
|fujifilm fuji finepix f300exr black|marca fujifilm; megapixels da 10 a 12 megapixels; configurazione reflex con obiettivo; altre funzioni esposizione manuale; altre funzioni con stabilizzatore d'immagine; peso da 150 a 200 g; design compatta; zoom ottico oltre 10x; tipo di memoria sd; tipo di memoria sdhc; |2.4444444444|
|fujifilm fuji finepix s1700|marca fujifilm; altre funzioni con stabilizzatore d'immagine; megapixels oltre 12 megapixels; design compatta; zoom ottico oltre 10x; tipo di memoria sd; tipo di memoria sdhc; peso oltre 300 g; |2.4444444444|
|fujifilm fuji finepix av200 black|marca fujifilm; configurazione reflex con obiettivo; altre funzioni con stabilizzatore d'immagine; megapixels oltre 12 megapixels; zoom ottico da 2x a 4x; design compatta; peso da 100 a 150 g; tipo di memoria sd; tipo di memoria sdhc; |2.4444444444|
|fujifilm fuji finepix jx300 black|design compatta; marca fujifilm; |2.4444444444|
|fujifilm fuji finepix f550exr black full hd|marca fujifilm; configurazione reflex con obiettivo; altre funzioni esposizione manuale; altre funzioni con stabilizzatore d'immagine; megapixels oltre 12 megapixels; peso da 150 a 200 g; design compatta; zoom ottico oltre 10x; altre funzioni gps integrato; tipo di memoria sd; tipo di memoria sdhc; tipo di memoria sdxc; |2.4444444444|
|fujifilm fuji finepix s3300hd|marca fujifilm; configurazione reflex con obiettivo; altre funzioni esposizione manuale; altre funzioni con stabilizzatore d'immagine; megapixels oltre 12 megapixels; design compatta; zoom ottico oltre 10x; tipo di memoria sd; tipo di memoria sdhc; peso oltre 300 g; |2.4444444444|
|fujifilm fuji finepix xp10 silver ultimo pezzo|marca fujifilm; altre funzioni ultra resistente; configurazione reflex con obiettivo; altre funzioni con stabilizzatore d'immagine; megapixels oltre 12 megapixels; design compatta; peso da 100 a 150 g; tipo di memoria sd; tipo di memoria sdhc; zoom ottico da 4x a 6x; |2.4444444444|
|fujifilm fuji finepix av200 silver|marca fujifilm; configurazione reflex con obiettivo; altre funzioni con stabilizzatore d'immagine; megapixels oltre 12 megapixels; zoom ottico da 2x a 4x; design compatta; peso da 100 a 150 g; tipo di memoria sd; tipo di memoria sdhc; |2.4444444444|
|fujifilm fuji finepix ax300 black|marca fujifilm;|2.4444444444|
|fujifilm fuji finepix ax300 silver|marca fujifilm;|2.3333333333|
|fujifilm fuji finepix s2000hd|marca fujifilm;|2.4444444444|
|fujifilm fuji finepix s2500hd|marca fujifilm;|2.3333333333|
|fujifilm fuji finepix z800 black|marca fujifilm;|2.4444444444|
|sany hdr|
|flash memory sony hdr-cx130er full hd red|peso da 200 a 400 g; altre funzioni stabilizzatore immagine; altre funzioni resistente all'acqua; supporto di registrazione memory stick pro duo mark2 / pro-hg duo; megapixels da 3 a 5 megapixels; supporto di registrazione sd; supporto di registrazione sdhc; supporto di registrazione sdxc; marca sony; risoluzione 1080i; risoluzione 1080p; supporto di registrazione memory stick pro / memory stick pro duo; altre funzioni touch-screen; |2.2222222222|
|flash memory sony hdr-cx115er red|altre funzioni touch-screen; peso da 200 a 400 g; altre funzioni stabilizzatore immagine; altre funzioni resistente all'acqua; supporto di registrazione memory stick pro duo mark2 / pro-hg duo; megapixels da 3 a 5 megapixels; supporto di registrazione sd; supporto di registrazione sdhc; marca sony; |2.2222222222|
|flash memory sony hdr-cx130es full hd silver|peso da 200 a 400 g; altre funzioni stabilizzatore immagine; altre funzioni resistente all'acqua; supporto di registrazione memory stick pro duo mark2 / pro-hg duo; megapixels da 3 a 5 megapixels; supporto di registrazione sd; supporto di registrazione sdhc; supporto di registrazione sdxc; marca sony; risoluzione 1080i; risoluzione 1080p; supporto di registrazione memory stick pro / memory stick pro duo; altre funzioni touch-screen; |2.2222222222|
|flash memory sony hdr-ax2000e full hd|altre funzioni stabilizzatore immagine; altre funzioni resistente all'acqua; supporto di registrazione memory stick pro duo mark2 / pro-hg duo; supporto di registrazione sd; supporto di registrazione sdhc; marca sony; supporto di registrazione memory stick pro / memory stick pro duo; peso oltre 600 g; megapixels da 1 a 1.5 megapixels; altre funzioni touch-screen; |2.2222222222|
|flash memory sony hdr-cx115eb black|altre funzioni touch-screen; peso da 200 a 400 g; altre funzioni stabilizzatore immagine; altre funzioni resistente all'acqua; supporto di registrazione memory stick pro duo mark2 / pro-hg duo; megapixels da 3 a 5 megapixels; supporto di registrazione sd; supporto di registrazione sdhc; marca sony; |2.2222222222|
|flash memory sony hdr-cx700 ve full hd black|peso da 200 a 400 g; altre funzioni stabilizzatore immagine; altre funzioni resistente all'acqua; megapixels oltre 5 megapixels; supporto di registrazione memory stick pro duo mark2 / pro-hg duo; altre funzioni gps integrato; supporto di registrazione sd; supporto di registrazione sdhc; supporto di registrazione sdxc; marca sony; risoluzione 1080i; risoluzione 1080p; supporto di registrazione memory stick pro / memory stick pro duo; altre funzioni touch-screen; |2.2222222222|
|flash memory sony hdr-pj30ve full hd|peso da 200 a 400 g; altre funzioni stabilizzatore immagine; altre funzioni resistente all'acqua; supporto di registrazione memory stick pro duo mark2 / pro-hg duo; megapixels da 3 a 5 megapixels; altre funzioni gps integrato; supporto di registrazione sd; supporto di registrazione sdhc; supporto di registrazione sdxc; marca sony; risoluzione 1080i; risoluzione 1080p; supporto di registrazione memory stick pro / memory stick pro duo; altre funzioni touch-screen; |2.2222222222|
|hard disk sony hdr-xr 550 ve|altre funzioni stabilizzatore immagine; peso da 400 a 600 g; altre funzioni resistente all'acqua; megapixels oltre 5 megapixels; supporto di registrazione hdd; marca sony; altre funzioni touch-screen; |2.4444444444|
|minidv sony hdr-fx1000|altre funzioni stabilizzatore immagine; supporto di registrazione minidv hdv; marca sony; peso oltre 600 g; megapixels da 1 a 1.5 megapixels; |2.1111111111|
|flash memory sony hdr-pj10e full hd|peso da 200 a 400 g; altre funzioni stabilizzatore immagine; altre funzioni resistente all'acqua; supporto di registrazione memory stick pro duo mark2 / pro-hg duo; megapixels da 3 a 5 megapixels; supporto di registrazione sd; supporto di registrazione sdhc; supporto di registrazione sdxc; marca sony; risoluzione 1080i; risoluzione 1080p; supporto di registrazione memory stick pro / memory stick pro duo; altre funzioni touch-screen; |1.8888888889|
|flash memory sony hdr-cx360 ve full hd bordeaux|marca sony; |2.2222222222|
|hard disk sony hdr-xr155eb|peso da 200 a 400 g; altre funzioni stabilizzatore immagine; altre funzioni resistente all'acqua; megapixels da 3 a 5 megapixels; supporto di registrazione hdd; marca sony; altre funzioni touch-screen; |2|
|flash memory sony hdr-cx130eb full hd black|peso da 200 a 400 g; altre funzioni stabilizzatore immagine; altre funzioni resistente all'acqua; supporto di registrazione memory stick pro duo mark2 / pro-hg duo; megapixels da 3 a 5 megapixels; supporto di registrazione sd; supporto di registrazione sdhc; supporto di registrazione sdxc; marca sony; risoluzione 1080i; risoluzione 1080p; supporto di registrazione memory stick pro / memory stick pro duo; altre funzioni touch-screen; |2.2222222222|
|flash memory sony hdr-cx550ve|altre funzioni stabilizzatore immagine; peso da 400 a 600 g; altre funzioni resistente all'acqua; megapixels oltre 5 megapixels; supporto di registrazione memory stick pro duo mark2 / pro-hg duo; altre funzioni gps integrato; supporto di registrazione sd; supporto di registrazione sdhc; marca sony; altre funzioni touch-screen; |2.2222222222|
|flash memory sony hdr-cx130el full hd blue|peso da 200 a 400 g; altre funzioni stabilizzatore immagine; altre funzioni resistente all'acqua; supporto di registrazione memory stick pro duo mark2 / pro-hg duo; megapixels da 3 a 5 megapixels; supporto di registrazione sd; supporto di registrazione sdhc; supporto di registrazione sdxc; marca sony; risoluzione 1080i; risoluzione 1080p; supporto di registrazione memory stick pro / memory stick pro duo; altre funzioni touch-screen; |2.2222222222|
|flash memory sony hdr-cx350vet|peso da 200 a 400 g; altre funzioni stabilizzatore immagine; altre funzioni resistente all'acqua; megapixels da 3 a 5 megapixels; altre funzioni gps integrato; marca sony; altre funzioni touch-screen; |2.2222222222|
|minidv sony hdr-fx7e/p|altre funzioni stabilizzatore immagine; marca sony; peso oltre 600 g; megapixels da 1 a 1.5 megapixels; |2.2222222222|
|minidv sony hdr-hc9e/p|altre funzioni touch-screen; altre funzioni stabilizzatore immagine; peso da 400 a 600 g; altre funzioni resistente all'acqua; megapixels da 3 a 5 megapixels; supporto di registrazione minidv hdv; marca sony; |2.2222222222|
|hard disk sony hdr-xr 350 ve|peso da 200 a 400 g; altre funzioni stabilizzatore immagine; altre funzioni resistente all'acqua; megapixels da 3 a 5 megapixels; altre funzioni gps integrato; supporto di registrazione hdd; marca sony; altre funzioni touch-screen; |2|
|cassetta minidv sony dvm 63 hdv|cassetta minidv per videocamere sony|1|